名前,年月,チーム,背番号,得セット,失セット,勝敗,出場数,アタック打数,アタック得点,アタック失点,アタック決定率,アタック効果率,バックアタック打数,バックアタック得点,バックアタック失点,ブロック得点,サーブ打数,サーブ得点,サーブ失点,サーブ効果,受数,サーブレシーブ成功・優,サーブレシーブ成功・良,総得点,バックアタック決定率,アタックセット平均,ブロックセット平均,サーブ効果率,サーブレシーブ成功率
エバデダンジェフリー宇意,2020-10,富士通カワサキレッドスピリッツ,1,3,0,1,2,6,4,1,66.7,50.0,0,0,0,0,5,0,2,2,3,1,1,4,,2.0,0.0,0.0,50.0
エバデダンジェフリー宇意,2020-11,富士通カワサキレッドスピリッツ,1,21,2,7,17,72,44,4,61.1,55.6,0,0,0,7,38,2,2,6,6,4,2,53,,2.59,0.41,7.9,83.3
エバデダンジェフリー宇意,2020-12,富士通カワサキレッドスピリッツ,1,6,0,2,5,16,12,0,75.0,75.0,0,0,0,5,13,0,2,5,0,0,0,17,,2.4,1.0,5.8,
エバデダンジェフリー宇意,2021-01,富士通カワサキレッドスピリッツ,1,9,2,3,8,28,20,0,71.4,71.4,0,0,0,9,15,0,1,3,2,1,0,29,,2.5,1.12,3.3,50.0
エバデダンジェフリー宇意,2021-02,富士通カワサキレッドスピリッツ,1,15,0,5,12,46,24,3,52.2,45.7,1,0,0,10,29,0,3,7,4,1,2,34,0.0,2.0,0.83,3.4,50.0
エバデダンジェフリー宇意,2021-03,富士通カワサキレッドスピリッツ,1,6,1,2,7,31,24,1,77.4,74.2,0,0,0,4,15,0,4,3,0,0,0,28,,3.43,0.57,-1.7,
マシューパロット,2020-10,兵庫デルフィーノ,21,0,3,0,3,24,3,2,12.5,4.2,5,0,1,1,6,0,2,0,31,10,9,4,0.0,1.0,0.33,-8.3,46.8
マシューパロット,2020-11,兵庫デルフィーノ,21,4,14,1,18,159,56,8,35.2,30.2,22,5,4,10,60,2,19,7,115,45,35,68,22.7,3.11,0.56,-1.7,54.3
マシューパロット,2020-12,兵庫デルフィーノ,21,3,12,0,13,122,51,12,41.8,32.0,23,6,4,5,47,0,6,8,72,29,19,56,26.1,3.92,0.38,1.1,53.5
マシューパロット,2021-01,兵庫デルフィーノ,21,0,6,0,6,59,29,3,49.2,44.1,8,5,1,0,13,0,1,4,62,28,16,29,62.5,4.83,0.0,5.8,58.1
マシューパロット,2021-02,兵庫デルフィーノ,21,2,21,0,23,240,99,18,41.2,33.8,71,28,9,7,72,0,14,21,103,39,32,106,39.4,4.3,0.3,2.4,53.4
三好佳介,2021-02,ヴィアティン三重,34,7,3,2,7,64,33,1,51.6,50.0,13,7,0,1,26,2,7,5,2,1,0,36,53.8,4.71,0.14,5.8,50.0
三木裕人,2020-10,きんでんトリニティーブリッツ,18,1,3,0,1,0,0,0,,,0,0,0,0,1,0,0,0,7,4,2,0,,0.0,0.0,0.0,71.4
三木裕人,2020-11,きんでんトリニティーブリッツ,18,4,18,0,20,60,21,6,35.0,25.0,6,1,0,0,56,1,7,13,138,60,40,22,16.7,1.05,0.0,4.5,58.0
三木裕人,2020-12,きんでんトリニティーブリッツ,18,3,4,1,5,4,2,0,50.0,50.0,0,0,0,0,15,1,1,0,10,5,5,3,,0.4,0.0,5.0,75.0
三浦一真,2020-10,埼玉アザレア,18,3,1,1,0,0,0,0,,,0,0,0,0,0,0,0,0,0,0,0,0,,,,,
三浦一真,2020-12,埼玉アザレア,18,3,0,1,0,0,0,0,,,0,0,0,0,0,0,0,0,0,0,0,0,,,,,
三浦拓,2020-10,サフィルヴァ北海道,10,3,4,1,0,0,0,0,,,0,0,0,0,0,0,0,0,0,0,0,0,,,,,
三浦拓,2020-12,サフィルヴァ北海道,10,1,6,0,0,0,0,0,,,0,0,0,0,0,0,0,0,0,0,0,0,,,,,
三浦拓,2021-02,サフィルヴァ北海道,10,3,1,1,1,1,0,0,0.0,0.0,0,0,0,0,0,0,0,0,0,0,0,0,,0.0,0.0,,
三浦拓,2021-03,サフィルヴァ北海道,10,0,3,0,0,0,0,0,,,0,0,0,0,0,0,0,0,0,0,0,0,,,,,
三角尚久,2020-10,長野GaRons,3,4,3,1,7,0,0,0,,,0,0,0,0,0,0,0,0,0,0,0,0,,0.0,0.0,,
三角尚久,2020-11,長野GaRons,3,16,6,5,22,0,0,0,,,0,0,0,0,0,0,0,0,0,0,0,0,,0.0,0.0,,
三角尚久,2020-12,長野GaRons,3,0,3,0,3,0,0,0,,,0,0,0,0,0,0,0,0,0,0,0,0,,0.0,0.0,,
三角尚久,2021-01,長野GaRons,3,1,6,0,7,0,0,0,,,0,0,0,0,0,0,0,0,29,15,7,0,,0.0,0.0,,63.8
三角尚久,2021-02,長野GaRons,3,10,19,2,29,0,0,0,,,0,0,0,0,0,0,0,0,120,52,29,0,,0.0,0.0,,55.4
三角昌弘,2020-11,東京ヴェルディ,3,6,6,2,4,0,0,0,,,0,0,0,0,0,0,0,0,9,6,1,0,,0.0,0.0,,72.2
三角昌弘,2020-12,東京ヴェルディ,3,10,6,3,15,0,0,0,,,0,0,0,0,0,0,0,0,52,17,20,0,,0.0,0.0,,51.9
三角昌弘,2021-01,東京ヴェルディ,3,0,6,0,3,0,0,0,,,0,0,0,0,0,0,0,0,15,11,0,0,,0.0,0.0,,73.3
上出哲也,2020-10,ヴィアティン三重,21,1,9,0,2,4,3,0,75.0,75.0,0,0,0,0,5,1,0,1,0,0,0,4,,1.5,0.0,25.0,
上出哲也,2020-11,ヴィアティン三重,21,7,4,2,9,30,16,2,53.3,46.7,0,0,0,2,23,0,1,3,2,0,2,18,,1.78,0.22,2.2,50.0
上出哲也,2021-01,ヴィアティン三重,21,4,3,1,2,7,3,0,42.9,42.9,0,0,0,1,9,0,0,1,0,0,0,4,,1.5,0.5,2.8,
上出哲也,2021-02,ヴィアティン三重,21,0,3,0,0,0,0,0,,,0,0,0,0,0,0,0,0,0,0,0,0,,,,,
上場雄也,2020-10,つくばユナイテッドSunGAIA,1,7,4,2,11,129,67,11,51.9,43.4,40,22,5,6,40,1,9,12,0,0,0,74,55.0,6.09,0.55,4.4,
上場雄也,2020-11,つくばユナイテッドSunGAIA,1,6,13,1,16,178,88,17,49.4,39.9,74,34,8,6,65,5,12,21,0,0,0,99,45.9,5.5,0.38,11.2,
上場雄也,2020-12,つくばユナイテッドSunGAIA,1,0,3,0,3,59,27,6,45.8,35.6,29,14,5,0,15,4,3,4,0,0,0,31,48.3,9.0,0.0,28.3,
上場雄也,2021-01,つくばユナイテッドSunGAIA,1,9,1,3,10,91,43,8,47.3,38.5,24,9,4,3,32,2,7,9,2,0,0,48,37.5,4.3,0.3,7.8,0.0
上場雄也,2021-02,つくばユナイテッドSunGAIA,1,7,10,2,16,173,70,12,40.5,33.5,64,22,8,4,61,3,9,28,2,0,0,77,34.4,4.38,0.25,12.7,0.0
中村有登,2020-10,ヴィアティン三重,2,1,9,0,7,37,10,4,27.0,16.2,9,3,2,1,15,0,5,4,4,0,1,11,33.3,1.43,0.14,-1.7,12.5
中村有登,2020-11,ヴィアティン三重,2,7,4,2,9,49,16,5,32.7,22.4,8,4,3,2,32,3,7,14,0,0,0,21,50.0,1.78,0.22,14.8,
中村有登,2020-12,ヴィアティン三重,2,3,6,0,9,56,31,5,55.4,46.4,10,7,2,2,29,3,2,4,1,0,0,36,70.0,3.44,0.22,12.1,0.0
中村有登,2021-02,ヴィアティン三重,2,7,6,2,7,32,20,1,62.5,59.4,8,7,1,1,17,0,4,6,0,0,0,21,87.5,2.86,0.14,2.9,
中村龍哉,2020-11,東京ヴェルディ,6,9,10,3,5,2,1,0,50.0,50.0,0,0,0,0,4,0,1,0,0,0,0,1,,0.2,0.0,-6.2,
中村龍哉,2021-01,東京ヴェルディ,6,0,6,0,3,3,0,0,0.0,0.0,0,0,0,0,5,0,0,0,0,0,0,0,,0.0,0.0,0.0,
中野将太,2020-10,兵庫デルフィーノ,5,0,3,0,3,0,0,0,,,0,0,0,0,0,0,0,0,4,2,0,0,,0.0,0.0,,50.0
中野将太,2020-11,兵庫デルフィーノ,5,4,14,1,18,5,3,0,60.0,60.0,0,0,0,2,66,1,9,13,0,0,0,6,,0.17,0.11,3.0,
中野将太,2020-12,兵庫デルフィーノ,5,3,12,0,15,3,1,0,33.3,33.3,0,0,0,0,50,1,7,8,1,0,0,2,,0.07,0.0,2.5,0.0
中野将太,2021-01,兵庫デルフィーノ,5,0,6,0,6,0,0,0,,,0,0,0,0,7,0,1,0,0,0,0,0,,0.0,0.0,-3.6,
中野将太,2021-02,兵庫デルフィーノ,5,2,21,0,21,7,3,2,42.9,14.3,1,0,1,0,55,6,9,13,0,0,0,9,0.0,0.14,0.0,12.7,
中野竜,2020-12,埼玉アザレア,4,3,0,1,1,2,1,1,50.0,0.0,2,1,1,0,6,0,0,2,0,0,0,1,50.0,1.0,0.0,8.3,
中野竜,2021-01,埼玉アザレア,4,3,0,1,2,9,6,1,66.7,55.6,4,2,1,0,5,0,1,5,3,1,0,6,50.0,3.0,0.0,20.0,33.3
中野竜,2021-02,埼玉アザレア,4,12,3,4,12,84,47,6,56.0,48.8,31,17,2,2,41,5,9,8,11,5,1,54,54.8,3.92,0.17,11.6,50.0
中野竜,2021-03,埼玉アザレア,4,3,3,1,5,52,18,3,34.6,28.8,12,7,1,2,22,0,4,4,37,14,8,20,58.3,3.6,0.4,0.0,48.6
二五田大輔,2020-11,大同特殊鋼レッドスター,10,7,6,2,10,80,38,10,47.5,35.0,7,3,1,2,41,1,2,6,64,26,21,41,42.9,3.8,0.2,4.9,57.0
二五田大輔,2020-12,大同特殊鋼レッドスター,10,9,6,3,13,76,31,10,40.8,27.6,6,3,3,2,46,2,1,7,92,43,33,35,50.0,2.38,0.15,7.6,64.7
二五田大輔,2021-01,大同特殊鋼レッドスター,10,1,3,0,4,39,17,3,43.6,35.9,9,2,3,1,11,0,0,5,45,24,11,18,22.2,4.25,0.25,11.4,65.6
二五田大輔,2021-02,大同特殊鋼レッドスター,10,11,8,3,12,105,43,10,41.0,31.4,16,6,3,2,45,0,6,14,104,57,32,45,37.5,3.58,0.17,4.4,70.2
井上周二,2020-11,兵庫デルフィーノ,16,3,5,1,8,0,0,0,,,0,0,0,0,0,0,0,0,45,13,19,0,,0.0,0.0,,50.0
井上周二,2020-12,兵庫デルフィーノ,16,3,12,0,15,13,3,0,23.1,23.1,0,0,0,0,11,0,0,4,112,47,35,3,,0.2,0.0,9.1,57.6
井上周二,2021-02,兵庫デルフィーノ,16,2,3,0,5,0,0,0,,,0,0,0,0,0,0,0,0,0,0,0,0,,0.0,0.0,,
今田善仁,2020-11,きんでんトリニティーブリッツ,4,4,12,0,4,0,0,0,,,0,0,0,0,5,0,0,0,0,0,0,0,,0.0,0.0,0.0,
仲村鴻輝,2020-10,兵庫デルフィーノ,13,0,3,0,1,0,0,0,,,0,0,0,0,1,0,0,0,0,0,0,0,,0.0,0.0,0.0,
仲村鴻輝,2020-11,兵庫デルフィーノ,13,1,9,0,4,7,2,1,28.6,14.3,0,0,0,1,9,0,0,0,1,0,0,3,,0.5,0.25,0.0,0.0
仲村鴻輝,2020-12,兵庫デルフィーノ,13,1,9,0,0,0,0,0,,,0,0,0,0,0,0,0,0,0,0,0,0,,,,,
仲村鴻輝,2021-01,兵庫デルフィーノ,13,0,3,0,2,4,2,1,50.0,25.0,0,0,0,0,4,0,1,2,1,0,0,2,,1.0,0.0,6.2,0.0
仲村鴻輝,2021-02,兵庫デルフィーノ,13,0,15,0,7,8,0,1,0.0,-12.5,0,0,0,0,10,0,0,1,5,3,0,0,,0.0,0.0,2.5,60.0
伊澤啓生,2020-11,大同特殊鋼レッドスター,1,7,6,2,13,103,49,4,47.6,43.7,23,14,0,3,42,0,6,4,91,37,32,52,60.9,3.77,0.23,-1.2,58.2
伊澤啓生,2020-12,大同特殊鋼レッドスター,1,9,6,3,12,80,40,5,50.0,43.8,15,11,1,3,40,1,5,6,32,15,8,44,73.3,3.33,0.25,3.1,59.4
伊澤啓生,2021-02,大同特殊鋼レッドスター,1,6,0,2,6,38,19,3,50.0,42.1,1,0,1,2,27,4,2,7,12,6,4,25,0.0,3.17,0.33,19.4,66.7
佐々木博秋,2020-10,ヴォレアス北海道,13,6,1,2,3,16,9,1,56.2,50.0,3,2,1,3,10,0,4,2,10,5,3,12,66.7,3.0,1.0,-5.0,65.0
佐々木博秋,2020-11,ヴォレアス北海道,13,18,4,6,12,59,27,3,45.8,40.7,5,3,0,4,35,2,8,3,38,20,8,33,60.0,2.25,0.33,2.1,63.2
佐々木博秋,2020-12,ヴォレアス北海道,13,6,1,2,3,20,4,1,20.0,15.0,3,0,1,1,11,0,2,2,27,17,3,5,0.0,1.33,0.33,0.0,68.5
佐々木博秋,2021-02,ヴォレアス北海道,13,9,3,3,9,39,15,4,38.5,28.2,10,3,2,6,29,2,6,9,32,16,8,23,30.0,1.67,0.67,9.5,62.5
佐々木博秋,2021-03,ヴォレアス北海道,13,3,3,1,4,13,4,1,30.8,23.1,0,0,0,4,10,0,2,2,25,17,6,8,,1.0,1.0,0.0,80.0
佐藤利空,2021-01,長野GaRons,16,0,3,0,0,0,0,0,,,0,0,0,0,0,0,0,0,0,0,0,0,,,,,
佐藤利空,2021-02,長野GaRons,16,10,19,2,1,0,0,0,,,0,0,0,0,1,0,1,0,0,0,0,0,,0.0,0.0,-25.0,
佐藤匠,2020-10,埼玉アザレア,5,3,1,1,4,13,7,1,53.8,46.2,0,0,0,4,12,0,2,3,0,0,0,11,,1.75,1.0,2.1,
佐藤匠,2020-11,埼玉アザレア,5,1,6,0,7,20,12,1,60.0,55.0,0,0,0,3,20,1,1,2,0,0,0,16,,1.71,0.43,6.2,
佐藤匠,2020-12,埼玉アザレア,5,10,4,3,11,30,11,0,36.7,36.7,0,0,0,11,31,1,0,6,1,0,1,23,,1.0,1.0,8.1,50.0
佐藤匠,2021-01,埼玉アザレア,5,3,0,1,3,10,6,0,60.0,60.0,0,0,0,3,11,3,0,5,0,0,0,12,,2.0,1.0,38.6,
佐藤匠,2021-02,埼玉アザレア,5,12,3,4,15,60,27,5,45.0,36.7,0,0,0,10,48,2,2,6,0,0,0,39,,1.8,0.67,6.2,
佐藤匠,2021-03,埼玉アザレア,5,3,3,1,6,19,8,2,42.1,31.6,0,0,0,2,22,0,0,1,1,1,0,10,,1.33,0.33,1.1,100.0
佐藤陸善,2020-10,サフィルヴァ北海道,20,3,4,1,7,2,1,0,50.0,50.0,0,0,0,0,31,0,3,9,0,0,0,1,,0.14,0.0,4.8,
佐藤陸善,2020-11,サフィルヴァ北海道,20,5,15,1,20,5,3,0,60.0,60.0,0,0,0,4,61,2,8,8,1,0,0,9,,0.15,0.2,3.3,0.0
佐藤陸善,2020-12,サフィルヴァ北海道,20,1,6,0,7,4,2,0,50.0,50.0,0,0,0,2,21,2,2,7,0,0,0,6,,0.29,0.29,15.5,
佐藤陸善,2021-02,サフィルヴァ北海道,20,6,1,2,6,1,1,0,100.0,100.0,0,0,0,0,16,0,2,5,0,0,0,1,,0.17,0.0,4.7,
佐藤陸善,2021-03,サフィルヴァ北海道,20,1,6,0,3,0,0,0,,,0,0,0,0,3,0,1,1,0,0,0,0,,0.0,0.0,0.0,
佐藤隼一,2020-11,東京ヴェルディ,10,9,10,3,3,6,1,1,16.7,0.0,2,1,1,0,4,0,2,1,8,6,0,1,50.0,0.33,0.0,-6.2,75.0
佐藤隼一,2020-12,東京ヴェルディ,10,10,6,3,12,3,0,1,0.0,-33.3,3,0,1,0,19,1,4,7,1,1,0,1,0.0,0.0,0.0,9.2,100.0
佐藤隼一,2021-01,東京ヴェルディ,10,0,6,0,4,0,0,0,,,0,0,0,0,5,1,2,2,0,0,0,1,,0.0,0.0,20.0,
備一真,2020-11,大同特殊鋼レッドスター,12,7,6,2,6,0,0,0,,,0,0,0,0,0,0,0,0,29,15,9,0,,0.0,0.0,,67.2
備一真,2020-12,大同特殊鋼レッドスター,12,9,6,3,15,0,0,0,,,0,0,0,0,0,0,0,0,60,43,10,0,,0.0,0.0,,80.0
備一真,2021-01,大同特殊鋼レッドスター,12,1,3,0,3,0,0,0,,,0,0,0,0,0,0,0,0,5,4,1,0,,0.0,0.0,,90.0
備一真,2021-02,大同特殊鋼レッドスター,12,11,8,3,19,0,0,0,,,0,0,0,0,0,0,0,0,72,59,7,0,,0.0,0.0,,86.8
兵頭佳樹,2020-10,富士通カワサキレッドスピリッツ,13,3,0,1,3,22,8,3,36.4,22.7,0,0,0,1,10,0,3,2,8,3,2,9,,2.67,0.33,-2.5,50.0
兵頭佳樹,2020-11,富士通カワサキレッドスピリッツ,13,21,2,7,23,118,68,6,57.6,52.5,8,2,1,9,101,5,9,25,120,46,46,82,25.0,2.96,0.39,8.9,57.5
兵頭佳樹,2020-12,富士通カワサキレッドスピリッツ,13,6,0,2,6,39,15,1,38.5,35.9,3,2,0,1,21,0,3,3,34,11,10,16,66.7,2.5,0.17,0.0,47.1
兵頭佳樹,2021-01,富士通カワサキレッドスピリッツ,13,9,2,3,9,36,16,0,44.4,44.4,3,2,0,2,22,0,5,6,37,16,9,18,66.7,1.78,0.22,1.1,55.4
兵頭佳樹,2021-02,富士通カワサキレッドスピリッツ,13,15,0,5,13,49,29,1,59.2,57.1,8,2,1,3,42,3,5,8,47,16,15,35,25.0,2.23,0.23,8.9,50.0
兵頭佳樹,2021-03,富士通カワサキレッドスピリッツ,13,6,1,2,5,21,7,2,33.3,23.8,2,1,1,0,19,1,2,2,24,10,9,8,50.0,1.4,0.0,5.3,60.4
内園徹,2020-10,きんでんトリニティーブリッツ,9,1,3,0,4,0,0,0,,,0,0,0,0,7,1,0,4,5,2,1,1,,0.0,0.0,28.6,50.0
内園徹,2020-11,きんでんトリニティーブリッツ,9,2,12,0,14,0,0,0,,,0,0,0,0,24,2,1,6,7,2,3,2,,0.0,0.0,13.5,50.0
内園徹,2020-12,きんでんトリニティーブリッツ,9,3,4,1,5,0,0,0,,,0,0,0,0,7,0,0,0,2,1,1,0,,0.0,0.0,0.0,75.0
前川将太,2020-10,ヴィアティン三重,11,1,9,0,4,21,11,0,52.4,52.4,3,2,0,0,7,0,3,1,11,2,6,11,66.7,2.75,0.0,-7.1,45.5
前川将太,2020-11,ヴィアティン三重,11,7,4,2,8,55,23,5,41.8,32.7,9,2,2,4,30,3,8,8,19,3,5,30,22.2,2.88,0.5,10.0,28.9
前川将太,2020-12,ヴィアティン三重,11,3,6,0,6,44,19,3,43.2,36.4,5,3,0,4,18,0,4,1,33,17,11,23,60.0,3.17,0.67,-4.2,68.2
前川将太,2021-02,ヴィアティン三重,11,6,3,2,5,39,18,2,46.2,41.0,9,2,1,3,16,2,4,2,16,10,3,23,22.2,3.6,0.6,9.4,71.9
前田将武,2020-10,埼玉アザレア,9,3,1,1,4,0,0,0,,,0,0,0,0,5,0,1,1,0,0,0,0,,0.0,0.0,0.0,
前田将武,2020-11,埼玉アザレア,9,1,6,0,6,0,0,0,,,0,0,0,0,7,0,4,1,0,0,0,0,,0.0,0.0,-10.7,
前田将武,2020-12,埼玉アザレア,9,10,4,3,8,2,2,0,100.0,100.0,0,0,0,1,13,0,5,1,0,0,0,3,,0.25,0.12,-7.7,
前田将武,2021-01,埼玉アザレア,9,3,0,1,3,0,0,0,,,0,0,0,0,3,0,0,0,0,0,0,0,,0.0,0.0,0.0,
前田将武,2021-02,埼玉アザレア,9,12,3,4,5,0,0,0,,,0,0,0,0,5,0,2,1,0,0,0,0,,0.0,0.0,-5.0,
前田将武,2021-03,埼玉アザレア,9,3,3,1,2,3,2,0,66.7,66.7,0,0,0,0,7,0,1,1,0,0,0,2,,1.0,0.0,0.0,
加藤伊織,2020-10,ヴォレアス北海道,9,6,1,2,0,0,0,0,,,0,0,0,0,0,0,0,0,0,0,0,0,,,,,
加藤伊織,2020-11,ヴォレアス北海道,9,12,1,4,3,7,5,0,71.4,71.4,0,0,0,1,11,0,1,2,0,0,0,6,,1.67,0.33,2.3,
加藤伊織,2021-02,ヴォレアス北海道,9,9,3,3,7,12,4,0,33.3,33.3,0,0,0,5,27,1,3,9,2,2,0,10,,0.57,0.71,9.3,100.0
加藤伊織,2021-03,ヴォレアス北海道,9,3,3,1,2,0,0,0,,,0,0,0,0,2,0,0,0,0,0,0,0,,0.0,0.0,0.0,
加藤克貴,2020-10,埼玉アザレア,2,3,1,1,4,10,2,2,20.0,0.0,1,0,0,0,23,1,1,6,31,17,7,3,0.0,0.5,0.0,9.8,66.1
加藤克貴,2020-11,埼玉アザレア,2,1,6,0,7,27,12,1,44.4,40.7,3,2,0,0,26,0,1,6,76,33,17,12,66.7,1.71,0.0,4.8,54.6
加藤克貴,2020-12,埼玉アザレア,2,10,4,3,12,60,27,4,45.0,38.3,6,2,0,1,32,0,0,8,98,46,23,28,33.3,2.25,0.08,6.2,58.7
加藤克貴,2021-01,埼玉アザレア,2,3,0,1,2,6,5,1,83.3,66.7,2,1,1,0,5,0,0,1,13,8,0,5,50.0,2.5,0.0,5.0,61.5
加藤克貴,2021-02,埼玉アザレア,2,12,3,4,10,53,18,7,34.0,20.8,3,1,1,1,35,3,3,10,58,21,20,22,33.3,1.8,0.1,13.6,53.4
加藤克貴,2021-03,埼玉アザレア,2,3,3,1,4,19,10,1,52.6,47.4,2,0,0,0,13,1,0,4,17,6,5,11,0.0,2.5,0.0,15.4,50.0
加藤大雄,2020-10,富士通カワサキレッドスピリッツ,7,3,0,1,2,10,6,0,60.0,60.0,0,0,0,0,7,0,3,0,0,0,0,6,,3.0,0.0,-10.7,
加藤大雄,2020-11,富士通カワサキレッドスピリッツ,7,21,2,7,22,54,33,3,61.1,55.6,0,0,0,13,75,2,8,20,4,2,1,48,,1.5,0.59,6.7,62.5
加藤大雄,2020-12,富士通カワサキレッドスピリッツ,7,6,0,2,6,14,10,0,71.4,71.4,0,0,0,6,21,0,2,5,4,1,1,16,,1.67,1.0,3.6,37.5
加藤大雄,2021-01,富士通カワサキレッドスピリッツ,7,9,2,3,8,26,12,3,46.2,34.6,0,0,0,7,41,2,1,11,2,0,1,21,,1.5,0.88,11.0,25.0
加藤大雄,2021-02,富士通カワサキレッドスピリッツ,7,15,0,5,11,27,10,0,37.0,37.0,0,0,0,6,42,4,6,8,1,1,0,20,,0.91,0.55,10.7,100.0
加藤大雄,2021-03,富士通カワサキレッドスピリッツ,7,6,1,2,7,19,5,3,26.3,10.5,0,0,0,2,32,1,1,9,3,2,0,8,,0.71,0.29,9.4,66.7
加藤遼太,2020-10,兵庫デルフィーノ,8,0,3,0,0,0,0,0,,,0,0,0,0,0,0,0,0,0,0,0,0,,,,,
加藤遼太,2020-11,兵庫デルフィーノ,8,1,12,0,0,0,0,0,,,0,0,0,0,0,0,0,0,0,0,0,0,,,,,
加藤遼太,2020-12,兵庫デルフィーノ,8,3,9,0,1,0,0,0,,,0,0,0,0,1,0,0,1,0,0,0,0,,0.0,0.0,25.0,
加藤遼太,2021-01,兵庫デルフィーノ,8,0,3,0,1,0,0,0,,,0,0,0,0,1,0,1,0,0,0,0,0,,0.0,0.0,-25.0,
加藤遼太,2021-02,兵庫デルフィーノ,8,0,12,0,0,0,0,0,,,0,0,0,0,0,0,0,0,0,0,0,0,,,,,
勝本真太郎,2020-10,つくばユナイテッドSunGAIA,14,7,4,2,9,0,0,0,,,0,0,0,0,13,0,2,4,0,0,0,0,,0.0,0.0,3.8,
勝本真太郎,2020-11,つくばユナイテッドSunGAIA,14,6,13,1,16,32,14,3,43.8,34.4,5,0,2,1,20,2,0,6,0,0,0,17,0.0,0.88,0.06,17.5,
勝本真太郎,2020-12,つくばユナイテッドSunGAIA,14,0,3,0,3,0,0,0,,,0,0,0,0,3,0,0,0,0,0,0,0,,0.0,0.0,0.0,
北田陽季,2020-10,ヴィアティン三重,23,1,9,0,7,41,11,5,26.8,14.6,10,1,3,2,20,2,2,9,5,0,2,15,10.0,1.57,0.29,18.8,20.0
北田陽季,2020-11,ヴィアティン三重,23,7,4,2,8,48,18,8,37.5,20.8,17,5,5,2,19,2,2,4,4,0,1,22,29.4,2.25,0.25,13.2,12.5
北田陽季,2020-12,ヴィアティン三重,23,3,6,0,3,8,5,1,62.5,50.0,0,0,0,0,8,0,2,1,0,0,0,5,,1.67,0.0,-3.1,
北田陽季,2021-01,ヴィアティン三重,23,4,3,1,6,23,8,3,34.8,21.7,2,0,1,2,27,1,1,8,0,0,0,11,0.0,1.33,0.33,10.2,
北田陽季,2021-02,ヴィアティン三重,23,8,9,2,14,44,21,2,47.7,43.2,1,0,0,8,52,2,3,10,4,2,0,31,0.0,1.5,0.57,7.2,50.0
十良澤太一,2020-10,サフィルヴァ北海道,11,3,4,1,1,0,0,0,,,0,0,0,0,2,0,0,0,0,0,0,0,,0.0,0.0,0.0,
十良澤太一,2020-11,サフィルヴァ北海道,11,0,6,0,2,0,0,0,,,0,0,0,1,2,0,1,0,0,0,0,1,,0.0,0.5,-12.5,
十良澤太一,2021-02,サフィルヴァ北海道,11,0,6,0,3,0,0,0,,,0,0,0,0,6,0,1,3,0,0,0,0,,0.0,0.0,8.3,
古川一輝,2020-10,きんでんトリニティーブリッツ,15,1,3,0,1,1,1,0,100.0,100.0,0,0,0,0,1,0,0,0,0,0,0,1,,1.0,0.0,0.0,
古川一輝,2020-11,きんでんトリニティーブリッツ,15,4,18,0,9,45,19,3,42.2,35.6,0,0,0,2,25,0,3,4,0,0,0,21,,2.11,0.22,1.0,
古川一輝,2020-12,きんでんトリニティーブリッツ,15,3,4,1,1,3,1,1,33.3,0.0,0,0,0,1,3,0,0,1,0,0,0,2,,1.0,1.0,8.3,
古田史郎,2020-11,ヴォレアス北海道,4,12,4,4,9,63,32,3,50.8,46.0,22,10,2,8,28,4,5,8,0,0,0,44,45.5,3.56,0.89,17.0,
古田史郎,2020-12,ヴォレアス北海道,4,6,1,2,4,44,23,2,52.3,47.7,15,7,1,6,12,1,4,5,0,0,0,30,46.7,5.75,1.5,10.4,
古田史郎,2021-02,ヴォレアス北海道,4,9,3,3,10,56,32,1,57.1,55.4,16,10,1,8,21,2,5,3,0,0,0,42,62.5,3.2,0.8,7.1,
古田史郎,2021-03,ヴォレアス北海道,4,3,3,1,4,32,15,1,46.9,43.8,11,6,0,2,13,1,2,10,0,0,0,18,54.5,3.75,0.5,23.1,
吉田康祐,2020-10,サフィルヴァ北海道,5,3,4,1,1,0,0,0,,,0,0,0,0,0,0,0,0,0,0,0,0,,0.0,0.0,,
吉田康祐,2020-11,サフィルヴァ北海道,5,5,12,1,1,0,0,0,,,0,0,0,0,0,0,0,0,0,0,0,0,,0.0,0.0,,
吉田康祐,2020-12,サフィルヴァ北海道,5,1,6,0,0,0,0,0,,,0,0,0,0,0,0,0,0,0,0,0,0,,,,,
吉田康祐,2021-02,サフィルヴァ北海道,5,3,3,1,2,3,3,0,100.0,100.0,0,0,0,1,5,0,1,0,0,0,0,4,,1.5,0.5,-5.0,
吉田綜眞,2020-10,富士通カワサキレッドスピリッツ,5,3,0,1,2,7,2,2,28.6,0.0,0,0,0,0,2,0,0,1,0,0,0,2,,1.0,0.0,12.5,
吉田綜眞,2020-11,富士通カワサキレッドスピリッツ,5,21,2,7,7,28,12,1,42.9,39.3,6,2,0,1,21,0,0,3,0,0,0,13,33.3,1.71,0.14,3.6,
吉田綜眞,2020-12,富士通カワサキレッドスピリッツ,5,6,0,2,1,2,2,0,100.0,100.0,0,0,0,0,1,0,0,0,0,0,0,2,,2.0,0.0,0.0,
吉田綜眞,2021-01,富士通カワサキレッドスピリッツ,5,3,1,1,0,0,0,0,,,0,0,0,0,0,0,0,0,0,0,0,0,,,,,
吉田裕亮,2021-01,ヴィアティン三重,13,1,3,0,4,36,15,5,41.7,27.8,2,0,2,0,17,3,1,6,27,6,13,18,0.0,3.75,0.0,25.0,46.3
吉田裕亮,2021-02,ヴィアティン三重,13,2,9,0,9,39,17,3,43.6,35.9,3,2,1,0,24,0,3,7,36,20,9,17,66.7,1.89,0.0,4.2,68.1
吉田魁成,2020-11,大同特殊鋼レッドスター,3,7,6,2,13,53,29,2,54.7,50.9,0,0,0,1,44,2,6,7,2,1,0,32,,2.23,0.08,5.1,50.0
吉田魁成,2020-12,大同特殊鋼レッドスター,3,9,6,3,15,59,31,1,52.5,50.8,0,0,0,5,48,2,3,6,1,0,0,38,,2.07,0.33,5.7,0.0
吉田魁成,2021-02,大同特殊鋼レッドスター,3,5,5,1,10,49,30,5,61.2,51.0,0,0,0,6,32,1,3,3,0,0,0,37,,3.0,0.6,3.1,
和治裕太,2020-10,きんでんトリニティーブリッツ,17,1,3,0,4,17,6,0,35.3,35.3,0,0,0,1,13,1,5,2,0,0,0,8,,1.5,0.25,1.9,
土井友登,2020-10,つくばユナイテッドSunGAIA,12,7,4,2,3,0,0,0,,,0,0,0,0,7,1,0,2,0,0,0,1,,0.0,0.0,21.4,
土井友登,2020-11,つくばユナイテッドSunGAIA,12,6,13,1,8,0,0,0,,,0,0,0,0,21,1,0,4,0,0,0,1,,0.0,0.0,9.5,
土井友登,2020-12,つくばユナイテッドSunGAIA,12,0,3,0,3,0,0,0,,,0,0,0,0,7,0,0,3,0,0,0,0,,0.0,0.0,10.7,
土井友登,2021-01,つくばユナイテッドSunGAIA,12,9,1,3,10,1,0,0,0.0,0.0,0,0,0,2,51,0,1,6,0,0,0,2,,0.0,0.2,2.5,
土井友登,2021-02,つくばユナイテッドSunGAIA,12,7,10,2,11,0,0,0,,,0,0,0,0,27,1,2,9,2,0,0,1,,0.0,0.0,10.2,0.0
堀内雄斗,2020-10,埼玉アザレア,19,3,1,1,1,0,0,0,,,0,0,0,0,0,0,0,0,1,1,0,0,,0.0,0.0,,100.0
堀内雄斗,2020-11,埼玉アザレア,19,1,6,0,0,0,0,0,,,0,0,0,0,0,0,0,0,0,0,0,0,,,,,
堀内雄斗,2020-12,埼玉アザレア,19,3,0,1,0,0,0,0,,,0,0,0,0,0,0,0,0,0,0,0,0,,,,,
境龍生,2020-11,大同特殊鋼レッドスター,13,7,6,2,0,0,0,0,,,0,0,0,0,0,0,0,0,0,0,0,0,,,,,
境龍生,2020-12,大同特殊鋼レッドスター,13,9,6,3,1,0,0,0,,,0,0,0,0,0,0,0,0,0,0,0,0,,0.0,0.0,,
境龍生,2021-01,大同特殊鋼レッドスター,13,1,3,0,0,0,0,0,,,0,0,0,0,0,0,0,0,0,0,0,0,,,,,
境龍生,2021-02,大同特殊鋼レッドスター,13,11,8,3,11,84,44,11,52.4,39.3,24,14,7,1,32,0,9,6,41,25,9,45,58.3,4.0,0.09,-2.3,72.0
外崎航平,2020-10,ヴィアティン三重,10,1,9,0,10,0,0,0,,,0,0,0,0,0,0,0,0,0,0,0,0,,0.0,0.0,,
外崎航平,2020-11,ヴィアティン三重,10,7,4,2,11,0,0,0,,,0,0,0,0,0,0,0,0,10,9,0,0,,0.0,0.0,,90.0
外崎航平,2020-12,ヴィアティン三重,10,3,6,0,9,0,0,0,,,0,0,0,0,0,0,0,0,21,15,5,0,,0.0,0.0,,83.3
外崎航平,2021-01,ヴィアティン三重,10,4,3,1,7,0,0,0,,,0,0,0,0,3,0,1,2,24,10,8,0,,0.0,0.0,8.3,58.3
外崎航平,2021-02,ヴィアティン三重,10,8,9,2,15,0,0,0,,,0,0,0,0,0,0,0,0,32,18,5,0,,0.0,0.0,,64.1
大村翔哉,2020-11,東京ヴェルディ,22,9,10,3,14,78,33,8,42.3,32.1,31,15,3,2,37,0,6,12,0,0,0,35,48.4,2.36,0.14,4.1,
大村翔哉,2020-12,東京ヴェルディ,22,10,6,3,8,68,29,5,42.6,35.3,25,13,2,2,25,0,4,7,0,0,0,31,52.0,3.62,0.25,3.0,
大村翔哉,2021-01,東京ヴェルディ,22,0,6,0,5,55,25,2,45.5,41.8,28,11,2,0,22,2,3,9,0,0,0,27,39.3,5.0,0.0,15.9,
大浦坂健太,2020-10,ヴィアティン三重,12,1,9,0,10,0,0,0,,,0,0,0,0,0,0,0,0,50,28,8,0,,0.0,0.0,,64.0
大浦坂健太,2020-11,ヴィアティン三重,12,7,4,2,11,0,0,0,,,0,0,0,0,0,0,0,0,44,24,12,0,,0.0,0.0,,68.2
大浦坂健太,2020-12,ヴィアティン三重,12,3,6,0,9,0,0,0,,,0,0,0,0,0,0,0,0,21,15,4,0,,0.0,0.0,,81.0
大浦坂健太,2021-01,ヴィアティン三重,12,3,0,1,3,0,0,0,,,0,0,0,0,0,0,0,0,19,10,6,0,,0.0,0.0,,68.4
大浦坂健太,2021-02,ヴィアティン三重,12,7,6,2,12,0,0,0,,,0,0,0,0,0,0,0,0,56,25,15,0,,0.0,0.0,,58.0
大賀惠介,2020-10,きんでんトリニティーブリッツ,5,1,3,0,0,0,0,0,,,0,0,0,0,0,0,0,0,0,0,0,0,,,,,
大賀惠介,2020-11,きんでんトリニティーブリッツ,5,4,18,0,11,0,0,0,,,0,0,0,0,6,0,0,0,19,9,7,0,,0.0,0.0,0.0,65.8
大賀惠介,2020-12,きんでんトリニティーブリッツ,5,3,4,1,2,0,0,0,,,0,0,0,0,0,0,0,0,6,1,3,0,,0.0,0.0,,41.7
奈琳剣,2020-11,東京ヴェルディ,19,3,7,1,8,0,0,0,,,0,0,0,0,12,1,2,4,0,0,0,1,,0.0,0.0,12.5,
奈琳剣,2021-01,東京ヴェルディ,19,0,6,0,2,0,0,0,,,0,0,0,0,3,1,2,0,0,0,0,1,,0.0,0.0,16.7,
奥田基嗣,2020-10,サフィルヴァ北海道,4,3,4,1,7,31,18,1,58.1,54.8,0,0,0,4,21,1,6,4,0,0,0,23,,2.57,0.57,2.4,
奥田基嗣,2020-11,サフィルヴァ北海道,4,5,15,1,20,50,26,3,52.0,46.0,0,0,0,3,43,1,13,6,3,2,0,30,,1.3,0.15,-1.7,66.7
奥田基嗣,2020-12,サフィルヴァ北海道,4,1,6,0,7,34,17,1,50.0,47.1,0,0,0,2,20,0,0,6,1,0,1,19,,2.43,0.29,7.5,50.0
奥田基嗣,2021-02,サフィルヴァ北海道,4,6,7,2,13,38,22,1,57.9,55.3,0,0,0,6,40,1,3,7,4,2,1,29,,1.69,0.46,5.0,62.5
奥田基嗣,2021-03,サフィルヴァ北海道,4,1,6,0,7,20,7,1,35.0,30.0,0,0,0,3,19,0,1,4,1,0,1,10,,1.0,0.43,3.9,50.0
奥田晃,2020-10,兵庫デルフィーノ,22,0,3,0,3,0,0,0,,,0,0,0,0,3,0,0,0,0,0,0,0,,0.0,0.0,0.0,
奥田晃,2020-11,兵庫デルフィーノ,22,4,14,1,13,0,0,0,,,0,0,0,3,5,0,0,1,0,0,0,3,,0.0,0.23,5.0,
奥田晃,2020-12,兵庫デルフィーノ,22,3,12,0,9,0,0,0,,,0,0,0,0,4,0,0,0,0,0,0,0,,0.0,0.0,0.0,
奥田晃,2021-01,兵庫デルフィーノ,22,0,6,0,4,3,1,0,33.3,33.3,0,0,0,0,8,0,0,5,1,0,0,1,,0.25,0.0,15.6,0.0
奥田晃,2021-02,兵庫デルフィーノ,22,2,21,0,19,3,2,0,66.7,66.7,0,0,0,1,23,0,1,1,0,0,0,3,,0.11,0.05,0.0,
安田瑛亮,2020-10,ヴィアティン三重,16,1,9,0,10,53,24,9,45.3,28.3,1,1,0,3,36,5,13,9,109,56,29,32,100.0,2.4,0.3,11.1,64.7
安田瑛亮,2020-11,ヴィアティン三重,16,4,3,1,3,9,5,0,55.6,55.6,0,0,0,0,14,1,5,1,20,13,5,6,,1.67,0.0,0.0,77.5
安田瑛亮,2020-12,ヴィアティン三重,16,3,6,0,7,30,13,2,43.3,36.7,1,0,0,0,22,0,7,4,86,50,24,13,0.0,1.86,0.0,-3.4,72.1
安田瑛亮,2021-02,ヴィアティン三重,16,7,6,2,10,52,18,8,34.6,19.2,0,0,0,1,52,2,7,14,100,57,32,21,,1.8,0.1,7.2,73.0
宮田航輔,2020-11,東京ヴェルディ,4,9,10,3,19,0,0,0,,,0,0,0,0,0,0,0,0,61,21,21,0,,0.0,0.0,,51.6
宮田航輔,2020-12,東京ヴェルディ,4,10,6,3,16,0,0,0,,,0,0,0,0,0,0,0,0,4,0,2,0,,0.0,0.0,,25.0
宮田航輔,2021-01,東京ヴェルディ,4,0,6,0,6,0,0,0,,,0,0,0,0,0,0,0,0,14,6,5,0,,0.0,0.0,,60.7
家近滉一,2020-10,ヴォレアス北海道,5,6,1,2,3,12,7,1,58.3,50.0,1,1,0,2,9,0,2,0,29,14,7,9,100.0,2.33,0.67,-5.6,60.3
家近滉一,2020-11,ヴォレアス北海道,5,18,4,6,13,62,34,6,54.8,45.2,8,4,2,3,60,5,9,21,72,29,21,42,50.0,2.62,0.23,13.3,54.9
家近滉一,2020-12,ヴォレアス北海道,5,6,1,2,4,11,7,1,63.6,54.5,1,0,0,0,16,0,3,6,23,15,2,7,0.0,1.75,0.0,4.7,69.6
家近滉一,2021-02,ヴォレアス北海道,5,9,3,3,4,18,7,1,38.9,33.3,1,0,0,0,11,0,5,2,29,7,7,7,0.0,1.75,0.0,-6.8,36.2
家近滉一,2021-03,ヴォレアス北海道,5,3,3,1,3,17,7,2,41.2,29.4,0,0,0,1,14,0,5,2,24,9,7,8,,2.33,0.33,-5.4,52.1
寺尾壮太,2020-11,大同特殊鋼レッドスター,18,7,6,2,13,97,43,6,44.3,38.1,26,12,2,1,29,1,7,7,0,0,0,45,46.2,3.31,0.08,3.4,
寺尾壮太,2020-12,大同特殊鋼レッドスター,18,9,6,3,14,87,35,9,40.2,29.9,22,7,2,5,40,0,9,5,0,0,0,40,31.8,2.5,0.36,-2.5,
寺尾壮太,2021-02,大同特殊鋼レッドスター,18,5,5,1,9,60,25,4,41.7,35.0,16,8,1,5,42,3,7,6,0,0,0,33,50.0,2.78,0.56,6.5,
小堀優,2020-10,埼玉アザレア,16,3,1,1,0,0,0,0,,,0,0,0,0,0,0,0,0,0,0,0,0,,,,,
小堀優,2020-11,埼玉アザレア,16,1,6,0,0,0,0,0,,,0,0,0,0,0,0,0,0,0,0,0,0,,,,,
小堀優,2020-12,埼玉アザレア,16,7,4,2,2,0,0,0,,,0,0,0,0,0,0,0,0,0,0,0,0,,0.0,0.0,,
小堀優,2021-01,埼玉アザレア,16,3,0,1,2,0,0,0,,,0,0,0,0,0,0,0,0,3,1,0,0,,0.0,0.0,,33.3
小堀優,2021-02,埼玉アザレア,16,12,3,4,1,0,0,0,,,0,0,0,0,1,0,0,0,0,0,0,0,,0.0,0.0,0.0,
小堀優,2021-03,埼玉アザレア,16,3,3,1,1,0,0,0,,,0,0,0,0,3,0,0,1,0,0,0,0,,0.0,0.0,8.3,
小島大輝,2020-11,埼玉アザレア,13,1,6,0,4,2,1,0,50.0,50.0,0,0,0,0,3,0,0,1,0,0,0,1,,0.25,0.0,8.3,
小島大輝,2020-12,埼玉アザレア,13,10,4,3,7,25,8,3,32.0,20.0,0,0,0,2,31,2,0,2,2,1,0,12,,1.14,0.29,8.1,50.0
小島大輝,2021-01,埼玉アザレア,13,3,0,1,1,2,2,0,100.0,100.0,0,0,0,0,4,1,0,3,0,0,0,3,,2.0,0.0,43.8,
小島大輝,2021-02,埼玉アザレア,13,12,3,4,2,4,2,0,50.0,50.0,0,0,0,0,2,0,0,0,0,0,0,2,,1.0,0.0,0.0,
小島大輝,2021-03,埼玉アザレア,13,3,3,1,0,0,0,0,,,0,0,0,0,0,0,0,0,0,0,0,0,,,,,
小松一哉,2020-11,東京ヴェルディ,2,9,10,3,18,111,37,19,33.3,16.2,15,4,2,9,59,0,10,3,86,26,25,46,26.7,2.06,0.5,-3.0,44.8
小松一哉,2020-12,東京ヴェルディ,2,10,6,3,16,100,39,7,39.0,32.0,17,7,1,7,66,0,2,6,102,45,29,46,41.2,2.44,0.44,1.5,58.3
小松一哉,2021-01,東京ヴェルディ,2,0,6,0,6,45,16,4,35.6,26.7,10,4,2,0,18,0,1,1,59,22,16,16,40.0,2.67,0.0,0.0,50.8
小林慎平,2020-10,富士通カワサキレッドスピリッツ,6,3,0,1,3,0,0,0,,,0,0,0,0,0,0,0,0,9,8,1,0,,0.0,0.0,,94.4
小林慎平,2020-11,富士通カワサキレッドスピリッツ,6,21,2,7,23,0,0,0,,,0,0,0,0,0,0,0,0,76,51,18,0,,0.0,0.0,,78.9
小林慎平,2020-12,富士通カワサキレッドスピリッツ,6,6,0,2,6,0,0,0,,,0,0,0,0,0,0,0,0,16,6,4,0,,0.0,0.0,,50.0
小林慎平,2021-01,富士通カワサキレッドスピリッツ,6,9,2,3,11,0,0,0,,,0,0,0,0,0,0,0,0,66,37,16,0,,0.0,0.0,,68.2
小林慎平,2021-02,富士通カワサキレッドスピリッツ,6,15,0,5,15,0,0,0,,,0,0,0,0,0,0,0,0,36,23,7,0,,0.0,0.0,,73.6
小林慎平,2021-03,富士通カワサキレッドスピリッツ,6,6,1,2,7,0,0,0,,,0,0,0,0,0,0,0,0,29,17,7,0,,0.0,0.0,,70.7
小林洸,2020-10,サフィルヴァ北海道,9,3,1,1,3,0,0,0,,,0,0,0,0,4,0,1,2,0,0,0,0,,0.0,0.0,6.2,
小林洸,2020-11,サフィルヴァ北海道,9,4,9,1,9,4,1,1,25.0,0.0,0,0,0,0,11,0,4,2,8,2,3,1,,0.11,0.0,-4.5,43.8
小林洸,2020-12,サフィルヴァ北海道,9,1,6,0,4,5,1,0,20.0,20.0,0,0,0,0,4,0,2,1,3,2,0,1,,0.25,0.0,-6.2,66.7
小林洸,2021-02,サフィルヴァ北海道,9,3,6,1,5,4,2,0,50.0,50.0,1,0,0,0,5,0,3,1,1,1,0,2,0.0,0.4,0.0,-10.0,100.0
小林空,2020-10,きんでんトリニティーブリッツ,21,1,3,0,3,20,7,1,35.0,30.0,4,1,0,1,12,2,1,4,0,0,0,10,25.0,2.33,0.33,22.9,
小野宙,2021-02,富士通カワサキレッドスピリッツ,15,6,0,2,2,0,0,0,,,0,0,0,0,4,0,0,1,0,0,0,0,,0.0,0.0,6.2,
尾木将,2020-10,富士通カワサキレッドスピリッツ,19,3,0,1,1,0,0,0,,,0,0,0,0,0,0,0,0,2,1,1,0,,0.0,0.0,,75.0
尾木将,2020-11,富士通カワサキレッドスピリッツ,19,21,2,7,15,3,2,0,66.7,66.7,0,0,0,1,22,2,6,4,7,3,1,5,,0.13,0.07,6.8,50.0
尾木将,2020-12,富士通カワサキレッドスピリッツ,19,6,0,2,5,0,0,0,,,0,0,0,0,7,0,1,3,0,0,0,0,,0.0,0.0,7.1,
尾木将,2021-01,富士通カワサキレッドスピリッツ,19,9,2,3,6,0,0,0,,,0,0,0,0,11,1,3,3,0,0,0,1,,0.0,0.0,9.1,
尾木将,2021-02,富士通カワサキレッドスピリッツ,19,15,0,5,11,2,1,0,50.0,50.0,2,1,0,0,19,0,6,6,4,2,0,1,50.0,0.09,0.0,0.0,50.0
尾木将,2021-03,富士通カワサキレッドスピリッツ,19,6,1,2,5,0,0,0,,,0,0,0,0,8,0,2,2,2,0,1,0,,0.0,0.0,0.0,25.0
尾松航洋,2020-11,きんでんトリニティーブリッツ,2,2,6,0,6,0,0,0,,,0,0,0,0,8,1,2,2,0,0,0,1,,0.0,0.0,12.5,
尾松航洋,2020-12,きんでんトリニティーブリッツ,2,3,4,1,7,0,0,0,,,0,0,0,0,11,0,2,1,0,0,0,0,,0.0,0.0,-2.3,
山下道生,2020-11,東京ヴェルディ,14,9,10,3,13,42,19,2,45.2,40.5,0,0,0,4,34,1,6,8,0,0,0,24,,1.46,0.31,4.4,
山下道生,2020-12,東京ヴェルディ,14,10,6,3,15,40,14,3,35.0,27.5,0,0,0,9,43,2,8,11,3,1,1,25,,0.93,0.6,6.4,50.0
山下道生,2021-01,東京ヴェルディ,14,0,6,0,6,16,9,0,56.2,56.2,0,0,0,2,17,0,3,5,2,0,0,11,,1.5,0.33,2.9,0.0
山口功太郎,2020-11,ヴォレアス北海道,2,18,4,6,10,0,0,0,,,0,0,0,0,1,0,1,0,0,0,0,0,,0.0,0.0,-25.0,
山口功太郎,2020-12,ヴォレアス北海道,2,6,1,2,1,0,0,0,,,0,0,0,0,1,0,0,0,0,0,0,0,,0.0,0.0,0.0,
山口功太郎,2021-02,ヴォレアス北海道,2,9,3,3,6,0,0,0,,,0,0,0,0,13,0,0,4,0,0,0,0,,0.0,0.0,7.7,
山口功太郎,2021-03,ヴォレアス北海道,2,3,3,1,5,1,1,0,100.0,100.0,0,0,0,0,7,0,0,0,0,0,0,1,,0.2,0.0,0.0,
山口拓馬,2020-10,サフィルヴァ北海道,14,3,4,1,7,53,19,6,35.8,24.5,21,6,4,0,24,0,7,5,0,0,0,19,28.6,2.71,0.0,-2.1,
山口拓馬,2020-11,サフィルヴァ北海道,14,2,15,0,7,12,7,0,58.3,58.3,0,0,0,0,7,0,2,1,0,0,0,7,,1.0,0.0,-3.6,
山口拓馬,2020-12,サフィルヴァ北海道,14,1,6,0,2,4,1,1,25.0,0.0,2,0,1,0,2,0,0,1,0,0,0,1,0.0,0.5,0.0,12.5,
山口拓馬,2021-02,サフィルヴァ北海道,14,6,7,2,9,42,18,7,42.9,26.2,9,4,3,0,27,2,9,5,0,0,0,20,44.4,2.0,0.0,3.7,
山口拓馬,2021-03,サフィルヴァ北海道,14,1,6,0,3,6,0,3,0.0,-50.0,1,0,0,1,4,0,1,0,0,0,0,1,0.0,0.0,0.33,-6.2,
山本寛生,2020-11,きんでんトリニティーブリッツ,16,2,6,0,0,0,0,0,,,0,0,0,0,0,0,0,0,0,0,0,0,,,,,
山本寛生,2020-12,きんでんトリニティーブリッツ,16,3,1,1,0,0,0,0,,,0,0,0,0,0,0,0,0,0,0,0,0,,,,,
山本慎人,2020-11,きんでんトリニティーブリッツ,20,2,12,0,4,0,0,0,,,0,0,0,0,4,0,0,2,0,0,0,0,,0.0,0.0,12.5,
山本慎人,2020-12,きんでんトリニティーブリッツ,20,0,3,0,0,0,0,0,,,0,0,0,0,0,0,0,0,0,0,0,0,,,,,
山田広大,2020-10,長野GaRons,12,4,3,1,7,0,0,0,,,0,0,0,0,0,0,0,0,29,16,7,0,,0.0,0.0,,67.2
山田広大,2020-11,長野GaRons,12,16,6,5,22,0,0,0,,,0,0,0,0,0,0,0,0,109,54,31,0,,0.0,0.0,,63.8
山田広大,2020-12,長野GaRons,12,0,3,0,3,0,0,0,,,0,0,0,0,0,0,0,0,18,7,3,0,,0.0,0.0,,47.2
山田広大,2021-01,長野GaRons,12,0,3,0,3,0,0,0,,,0,0,0,0,0,0,0,0,14,9,0,0,,0.0,0.0,,64.3
山田広大,2021-02,長野GaRons,12,1,6,0,7,0,0,0,,,0,0,0,0,0,0,0,0,43,19,13,0,,0.0,0.0,,59.3
岡本侑,2020-10,きんでんトリニティーブリッツ,1,1,3,0,4,22,9,1,40.9,36.4,2,2,0,0,6,0,3,0,30,19,4,9,100.0,2.25,0.0,-12.5,70.0
岡本侑,2020-11,きんでんトリニティーブリッツ,1,4,18,0,22,175,72,17,41.1,31.4,58,26,6,4,74,6,21,19,4,1,1,82,44.8,3.27,0.18,7.4,37.5
岡本侑,2020-12,きんでんトリニティーブリッツ,1,3,4,1,6,40,21,2,52.5,47.5,14,8,1,1,20,0,4,4,4,1,3,22,57.1,3.5,0.17,0.0,62.5
岡村義郎,2020-10,富士通カワサキレッドスピリッツ,10,3,0,1,1,4,2,0,50.0,50.0,0,0,0,1,2,0,2,0,0,0,0,3,,2.0,1.0,-25.0,
岡村義郎,2020-11,富士通カワサキレッドスピリッツ,10,18,2,6,9,27,14,0,51.9,51.9,0,0,0,8,21,0,2,4,6,5,1,22,,1.56,0.89,2.4,91.7
岡村義郎,2020-12,富士通カワサキレッドスピリッツ,10,6,0,2,1,3,1,0,33.3,33.3,0,0,0,1,5,0,0,1,0,0,0,2,,1.0,1.0,5.0,
岡村義郎,2021-01,富士通カワサキレッドスピリッツ,10,9,2,3,3,8,3,0,37.5,37.5,0,0,0,1,19,0,0,5,0,0,0,4,,1.0,0.33,6.6,
岡村義郎,2021-02,富士通カワサキレッドスピリッツ,10,12,0,4,4,8,4,0,50.0,50.0,0,0,0,1,10,1,0,2,0,0,0,6,,1.0,0.25,15.0,
岡村義郎,2021-03,富士通カワサキレッドスピリッツ,10,6,1,2,0,0,0,0,,,0,0,0,0,0,0,0,0,0,0,0,0,,,,,
島波輝,2020-12,ヴィアティン三重,73,3,6,0,8,53,28,2,52.8,49.1,25,10,2,5,21,0,2,2,3,1,1,33,40.0,3.5,0.62,0.0,50.0
島波輝,2021-01,ヴィアティン三重,73,4,3,1,7,54,26,7,48.1,35.2,5,4,0,2,23,1,1,6,7,0,3,29,80.0,3.71,0.29,9.8,21.4
島波輝,2021-02,ヴィアティン三重,73,8,9,2,16,121,49,7,40.5,34.7,30,14,4,7,55,2,6,17,4,1,0,58,46.7,3.06,0.44,8.6,25.0
嶋田希隆,2020-11,大同特殊鋼レッドスター,11,7,6,2,10,0,0,0,,,0,0,0,0,0,0,0,0,23,10,6,0,,0.0,0.0,,56.5
嶋田希隆,2020-12,大同特殊鋼レッドスター,11,9,6,3,0,0,0,0,,,0,0,0,0,0,0,0,0,0,0,0,0,,,,,
嶋田希隆,2021-01,大同特殊鋼レッドスター,11,1,3,0,2,0,0,0,,,0,0,0,0,0,0,0,0,3,2,0,0,,0.0,0.0,,66.7
嶋田希隆,2021-02,大同特殊鋼レッドスター,11,11,8,3,0,0,0,0,,,0,0,0,0,0,0,0,0,0,0,0,0,,,,,
川副大海,2020-10,埼玉アザレア,12,3,1,1,0,0,0,0,,,0,0,0,0,0,0,0,0,0,0,0,0,,,,,
川副大海,2020-11,埼玉アザレア,12,1,6,0,0,0,0,0,,,0,0,0,0,0,0,0,0,0,0,0,0,,,,,
川副大海,2020-12,埼玉アザレア,12,4,4,1,2,3,0,1,0.0,-33.3,0,0,0,0,3,0,1,0,5,2,1,0,,0.0,0.0,-8.3,50.0
川崎翔太,2020-10,埼玉アザレア,1,3,1,1,4,0,0,0,,,0,0,0,0,0,0,0,0,16,7,3,0,,0.0,0.0,,53.1
川崎翔太,2020-11,埼玉アザレア,1,1,6,0,7,0,0,0,,,0,0,0,0,0,0,0,0,33,17,5,0,,0.0,0.0,,59.1
川崎翔太,2020-12,埼玉アザレア,1,10,4,3,14,0,0,0,,,0,0,0,0,0,0,0,0,44,23,9,0,,0.0,0.0,,62.5
川崎翔太,2021-01,埼玉アザレア,1,3,0,1,3,0,0,0,,,0,0,0,0,0,0,0,0,10,9,0,0,,0.0,0.0,,90.0
川崎翔太,2021-02,埼玉アザレア,1,12,3,4,15,0,0,0,,,0,0,0,0,0,0,0,0,79,44,19,0,,0.0,0.0,,67.7
川崎翔太,2021-03,埼玉アザレア,1,3,3,1,6,0,0,0,,,0,0,0,0,0,0,0,0,45,24,8,0,,0.0,0.0,,62.2
川畑貴裕,2020-10,埼玉アザレア,10,3,1,1,0,0,0,0,,,0,0,0,0,0,0,0,0,0,0,0,0,,,,,
川畑貴裕,2020-11,埼玉アザレア,10,1,6,0,3,13,5,1,38.5,30.8,0,0,0,0,8,0,1,1,14,7,2,5,,1.67,0.0,0.0,57.1
川畑貴裕,2020-12,埼玉アザレア,10,10,4,3,11,49,21,7,42.9,28.6,2,0,1,0,34,0,4,6,30,10,5,21,0.0,1.91,0.0,1.5,41.7
川畑貴裕,2021-01,埼玉アザレア,10,3,0,1,2,10,3,0,30.0,30.0,1,1,0,0,7,0,0,2,0,0,0,3,100.0,1.5,0.0,7.1,
川畑貴裕,2021-02,埼玉アザレア,10,9,2,3,9,54,24,1,44.4,42.6,2,0,1,3,32,0,5,4,20,7,3,27,0.0,2.67,0.33,-0.8,42.5
川畑貴裕,2021-03,埼玉アザレア,10,3,3,1,4,26,7,1,26.9,23.1,1,0,0,2,14,2,1,3,19,13,2,11,0.0,1.75,0.5,17.9,73.7
工藤泰我,2021-02,サフィルヴァ北海道,27,6,7,2,9,75,29,6,38.7,30.7,12,7,2,3,29,1,9,6,49,12,9,33,58.3,3.22,0.33,0.9,33.7
工藤泰我,2021-03,サフィルヴァ北海道,27,1,6,0,7,66,28,4,42.4,36.4,9,5,0,4,24,1,6,6,32,14,10,33,55.6,4.0,0.57,4.2,59.4
平井銀次,2021-01,兵庫デルフィーノ,24,0,6,0,6,0,0,0,,,0,0,0,0,0,0,0,0,0,0,0,0,,0.0,0.0,,
平井銀次,2021-02,兵庫デルフィーノ,24,2,9,0,11,0,0,0,,,0,0,0,0,0,0,0,0,53,22,13,0,,0.0,0.0,,53.8
平野晃多,2021-01,大同特殊鋼レッドスター,5,1,3,0,0,0,0,0,,,0,0,0,0,0,0,0,0,0,0,0,0,,,,,
平野晃多,2021-02,大同特殊鋼レッドスター,5,11,8,3,0,0,0,0,,,0,0,0,0,0,0,0,0,0,0,0,0,,,,,
庄司練,2020-10,きんでんトリニティーブリッツ,6,1,3,0,1,7,2,2,28.6,0.0,0,0,0,0,2,0,0,2,1,0,0,2,,2.0,0.0,25.0,0.0
庄司練,2020-11,きんでんトリニティーブリッツ,6,2,12,0,11,35,18,3,51.4,42.9,0,0,0,2,24,1,12,2,0,0,0,21,,1.64,0.18,-6.2,
庄司練,2020-12,きんでんトリニティーブリッツ,6,3,4,1,4,14,6,1,42.9,35.7,0,0,0,3,4,0,0,1,0,0,0,9,,1.5,0.75,6.2,
廣瀬優希,2020-10,つくばユナイテッドSunGAIA,5,7,4,2,4,23,12,3,52.2,39.1,0,0,0,3,8,0,2,1,0,0,0,15,,3.0,0.75,-3.1,
廣瀬優希,2020-11,つくばユナイテッドSunGAIA,5,6,13,1,14,56,29,8,51.8,37.5,0,0,0,13,43,3,11,10,0,0,0,45,,2.07,0.93,6.4,
廣瀬優希,2020-12,つくばユナイテッドSunGAIA,5,0,3,0,3,20,9,4,45.0,25.0,0,0,0,2,8,0,3,2,0,0,0,11,,3.0,0.67,-3.1,
廣瀬優希,2021-01,つくばユナイテッドSunGAIA,5,6,1,2,5,21,11,3,52.4,38.1,0,0,0,4,12,1,4,1,0,0,0,16,,2.2,0.8,2.1,
廣瀬優希,2021-02,つくばユナイテッドSunGAIA,5,1,9,0,5,10,4,2,40.0,20.0,0,0,0,1,10,0,4,2,0,0,0,5,,0.8,0.2,-5.0,
張育陞,2020-10,ヴォレアス北海道,14,6,1,2,7,63,29,4,46.0,39.7,27,15,2,3,31,6,5,12,0,0,0,38,55.6,4.14,0.43,25.0,
張育陞,2020-11,ヴォレアス北海道,14,18,4,6,17,126,74,10,58.7,50.8,62,41,6,6,63,8,19,18,0,0,0,88,66.1,4.35,0.35,12.3,
張育陞,2020-12,ヴォレアス北海道,14,6,1,2,4,39,24,3,61.5,53.8,16,11,1,2,21,5,3,7,0,0,0,31,68.8,6.0,0.5,28.6,
張育陞,2021-02,ヴォレアス北海道,14,9,3,3,7,47,22,4,46.8,38.3,25,8,4,4,22,2,6,10,1,1,0,28,32.0,3.14,0.57,13.6,100.0
張育陞,2021-03,ヴォレアス北海道,14,3,3,1,6,53,24,5,45.3,35.8,20,9,3,2,19,1,5,7,0,0,0,27,45.0,4.0,0.33,7.9,
後藤万澄,2020-10,ヴォレアス北海道,18,6,1,2,4,8,2,0,25.0,25.0,0,0,0,0,14,0,2,1,0,0,0,2,,0.5,0.0,-1.8,
後藤万澄,2020-11,ヴォレアス北海道,18,18,4,6,15,31,19,0,61.3,61.3,0,0,0,6,46,2,3,19,0,0,0,27,,1.27,0.4,13.0,
後藤万澄,2020-12,ヴォレアス北海道,18,6,1,2,3,8,6,0,75.0,75.0,0,0,0,2,14,1,3,1,0,0,0,9,,2.0,0.67,3.6,
後藤万澄,2021-02,ヴォレアス北海道,18,0,3,0,3,5,2,0,40.0,40.0,0,0,0,0,15,2,3,5,1,0,1,4,,0.67,0.0,16.7,50.0
後藤滉貴,2020-11,富士通カワサキレッドスピリッツ,8,12,2,4,13,0,0,0,,,0,0,0,0,18,0,6,3,0,0,0,0,,0.0,0.0,-4.2,
後藤滉貴,2020-12,富士通カワサキレッドスピリッツ,8,3,0,1,2,0,0,0,,,0,0,0,0,2,0,1,0,0,0,0,0,,0.0,0.0,-12.5,
後藤滉貴,2021-01,富士通カワサキレッドスピリッツ,8,6,1,2,7,13,6,0,46.2,46.2,5,2,0,0,9,0,2,3,0,0,0,6,40.0,0.86,0.0,2.8,
後藤滉貴,2021-02,富士通カワサキレッドスピリッツ,8,15,0,5,14,21,12,1,57.1,52.4,8,5,0,1,26,2,10,8,0,0,0,15,62.5,0.86,0.07,5.8,
後藤滉貴,2021-03,富士通カワサキレッドスピリッツ,8,6,1,2,5,0,0,0,,,0,0,0,0,10,0,2,3,0,0,0,0,,0.0,0.0,2.5,
志波京介,2020-10,富士通カワサキレッドスピリッツ,20,3,0,1,2,0,0,0,,,0,0,0,0,3,0,0,1,0,0,0,0,,0.0,0.0,8.3,
志波京介,2020-11,富士通カワサキレッドスピリッツ,20,21,2,7,4,1,1,0,100.0,100.0,0,0,0,1,7,0,0,1,0,0,0,2,,0.25,0.25,3.6,
志波京介,2020-12,富士通カワサキレッドスピリッツ,20,6,0,2,1,0,0,0,,,0,0,0,0,2,0,0,2,0,0,0,0,,0.0,0.0,25.0,
志波京介,2021-01,富士通カワサキレッドスピリッツ,20,9,2,3,4,0,0,0,,,0,0,0,2,9,0,1,2,0,0,0,2,,0.0,0.5,2.8,
志波京介,2021-02,富士通カワサキレッドスピリッツ,20,9,0,3,3,0,0,0,,,0,0,0,2,14,0,0,4,0,0,0,2,,0.0,0.67,7.1,
志波京介,2021-03,富士通カワサキレッドスピリッツ,20,6,1,2,1,0,0,0,,,0,0,0,0,2,0,0,1,0,0,0,0,,0.0,0.0,12.5,
戸田拓也,2020-10,ヴォレアス北海道,20,6,1,2,4,11,4,1,36.4,27.3,1,0,0,2,11,0,5,2,23,12,5,6,0.0,1.0,0.5,-6.8,63.0
戸田拓也,2020-11,ヴォレアス北海道,20,18,4,6,11,60,25,9,41.7,26.7,4,1,1,1,45,3,11,15,85,44,25,29,25.0,2.27,0.09,8.9,66.5
戸田拓也,2020-12,ヴォレアス北海道,20,6,1,2,4,16,6,2,37.5,25.0,2,1,1,1,18,2,7,7,25,11,5,9,50.0,1.5,0.25,11.1,54.0
戸田拓也,2021-02,ヴォレアス北海道,20,9,3,3,6,19,7,4,36.8,15.8,0,0,0,3,12,0,5,1,26,13,5,10,,1.17,0.5,-8.3,59.6
戸田拓也,2021-03,ヴォレアス北海道,20,3,3,1,1,0,0,0,,,0,0,0,0,0,0,0,0,0,0,0,0,,0.0,0.0,,
手塚奨,2020-10,富士通カワサキレッドスピリッツ,9,3,0,1,2,0,0,0,,,0,0,0,0,4,0,0,1,0,0,0,0,,0.0,0.0,6.2,
手塚奨,2020-11,富士通カワサキレッドスピリッツ,9,9,0,3,6,2,1,1,50.0,0.0,0,0,0,0,11,0,1,2,1,1,0,1,,0.17,0.0,2.3,100.0
手塚奨,2020-12,富士通カワサキレッドスピリッツ,9,3,0,1,3,0,0,0,,,0,0,0,0,3,0,0,2,0,0,0,0,,0.0,0.0,16.7,
手塚奨,2021-01,富士通カワサキレッドスピリッツ,9,3,1,1,3,0,0,0,,,0,0,0,0,4,0,0,2,0,0,0,0,,0.0,0.0,12.5,
手塚奨,2021-02,富士通カワサキレッドスピリッツ,9,6,0,2,3,0,0,0,,,0,0,0,0,3,0,0,2,0,0,0,0,,0.0,0.0,16.7,
手塚奨,2021-03,富士通カワサキレッドスピリッツ,9,3,0,1,1,0,0,0,,,0,0,0,0,1,0,0,0,0,0,0,0,,0.0,0.0,0.0,
新垣東麻,2020-10,つくばユナイテッドSunGAIA,13,7,4,2,2,0,0,0,,,0,0,0,0,0,0,0,0,0,0,0,0,,0.0,0.0,,
新垣東麻,2020-11,つくばユナイテッドSunGAIA,13,6,13,1,9,0,0,0,,,0,0,0,0,0,0,0,0,15,7,6,0,,0.0,0.0,,66.7
新垣東麻,2020-12,つくばユナイテッドSunGAIA,13,0,3,0,3,0,0,0,,,0,0,0,0,0,0,0,0,14,10,2,0,,0.0,0.0,,78.6
新垣東麻,2021-01,つくばユナイテッドSunGAIA,13,9,1,3,10,0,0,0,,,0,0,0,0,0,0,0,0,39,17,7,0,,0.0,0.0,,52.6
新垣東麻,2021-02,つくばユナイテッドSunGAIA,13,7,10,2,11,0,0,0,,,0,0,0,0,0,0,0,0,44,22,9,0,,0.0,0.0,,60.2
新谷俊揮,2020-10,きんでんトリニティーブリッツ,12,1,3,0,1,0,0,0,,,0,0,0,0,1,0,1,0,1,0,0,0,,0.0,0.0,-25.0,0.0
春藤洸介,2021-01,ヴィアティン三重,7,4,3,1,6,52,23,2,44.2,40.4,12,7,0,4,16,0,3,2,3,1,1,27,58.3,3.83,0.67,-1.6,50.0
春藤洸介,2021-02,ヴィアティン三重,7,1,3,0,4,48,20,3,41.7,35.4,14,7,1,3,10,0,1,2,0,0,0,23,50.0,5.0,0.75,2.5,
曹海倫,2020-10,つくばユナイテッドSunGAIA,8,7,4,2,7,28,15,2,53.6,46.4,0,0,0,6,15,0,7,2,1,1,0,21,,2.14,0.86,-8.3,100.0
曹海倫,2020-11,つくばユナイテッドSunGAIA,8,6,13,1,15,19,8,1,42.1,36.8,1,0,1,1,16,1,2,7,0,0,0,10,0.0,0.53,0.07,14.1,
曹海倫,2020-12,つくばユナイテッドSunGAIA,8,0,3,0,3,11,4,1,36.4,27.3,0,0,0,2,11,0,2,4,3,3,0,6,,1.33,0.67,4.5,100.0
曹海倫,2021-01,つくばユナイテッドSunGAIA,8,9,1,3,9,21,16,1,76.2,71.4,0,0,0,5,20,2,6,5,1,1,0,23,,1.78,0.56,8.8,100.0
曹海倫,2021-02,つくばユナイテッドSunGAIA,8,7,10,2,13,32,15,2,46.9,40.6,0,0,0,4,44,1,4,6,6,4,1,20,,1.15,0.31,3.4,75.0
曽田一也,2020-10,つくばユナイテッドSunGAIA,23,7,4,2,11,28,8,3,28.6,17.9,0,0,0,1,46,0,0,8,73,39,17,9,,0.73,0.09,4.3,65.1
曽田一也,2020-11,つくばユナイテッドSunGAIA,23,6,13,1,19,43,8,5,18.6,7.0,0,0,0,1,67,1,9,11,105,52,28,10,,0.42,0.05,2.2,62.9
曽田一也,2020-12,つくばユナイテッドSunGAIA,23,0,3,0,3,7,3,0,42.9,42.9,0,0,0,0,14,0,4,2,31,17,7,3,,1.0,0.0,-3.6,66.1
曽田一也,2021-01,つくばユナイテッドSunGAIA,23,9,1,3,10,63,32,6,50.8,41.3,3,2,0,0,41,1,8,7,63,31,14,33,66.7,3.2,0.0,1.8,60.3
曽田一也,2021-02,つくばユナイテッドSunGAIA,23,7,10,2,16,66,24,6,36.4,27.3,1,0,1,2,60,3,10,22,101,47,29,29,0.0,1.5,0.12,10.0,60.9
曾根裕也,2020-10,長野GaRons,15,4,3,1,4,3,2,0,66.7,66.7,0,0,0,0,0,0,0,0,0,0,0,2,,0.5,0.0,,
曾根裕也,2020-11,長野GaRons,15,16,6,5,14,16,6,1,37.5,31.2,0,0,0,1,0,0,0,0,0,0,0,7,,0.43,0.07,,
曾根裕也,2020-12,長野GaRons,15,0,3,0,1,0,0,0,,,0,0,0,0,0,0,0,0,0,0,0,0,,0.0,0.0,,
曾根裕也,2021-01,長野GaRons,15,1,3,0,3,5,1,0,20.0,20.0,1,1,0,0,3,0,1,1,1,0,1,1,100.0,0.33,0.0,0.0,50.0
曾根裕也,2021-02,長野GaRons,15,3,5,1,4,4,1,2,25.0,-25.0,0,0,0,1,0,0,0,0,0,0,0,2,,0.25,0.25,,
本澤凌斗,2020-10,ヴォレアス北海道,6,6,1,2,3,2,2,0,100.0,100.0,0,0,0,2,16,2,2,5,0,0,0,6,,0.67,0.67,17.2,
本澤凌斗,2020-11,ヴォレアス北海道,6,18,4,6,13,5,2,0,40.0,40.0,0,0,0,1,49,4,15,19,0,0,0,7,,0.15,0.08,10.2,
本澤凌斗,2020-12,ヴォレアス北海道,6,6,1,2,3,1,1,0,100.0,100.0,0,0,0,0,10,0,3,3,0,0,0,1,,0.33,0.0,0.0,
本澤凌斗,2021-02,ヴォレアス北海道,6,9,3,3,12,4,3,0,75.0,75.0,0,0,0,1,38,1,8,8,0,0,0,5,,0.25,0.08,2.6,
本澤凌斗,2021-03,ヴォレアス北海道,6,3,3,1,6,4,2,0,50.0,50.0,0,0,0,0,15,0,2,6,0,0,0,2,,0.33,0.0,6.7,
松下祐太,2020-10,長野GaRons,6,4,3,1,7,0,0,0,,,0,0,0,0,0,0,0,0,17,11,3,0,,0.0,0.0,,73.5
松下祐太,2020-11,長野GaRons,6,16,6,5,19,3,1,0,33.3,33.3,0,0,0,0,10,1,3,3,40,14,11,2,,0.05,0.0,10.0,48.8
松下祐太,2020-12,長野GaRons,6,0,3,0,3,9,5,1,55.6,44.4,0,0,0,0,5,0,1,0,15,4,8,5,,1.67,0.0,-5.0,53.3
松下祐太,2021-01,長野GaRons,6,0,3,0,3,8,3,1,37.5,25.0,0,0,0,0,2,0,0,0,5,3,1,3,,1.0,0.0,0.0,70.0
松下祐太,2021-02,長野GaRons,6,1,6,0,7,5,3,1,60.0,40.0,0,0,0,0,3,0,0,1,12,2,4,3,,0.43,0.0,8.3,33.3
松坂洸汰,2020-10,富士通カワサキレッドスピリッツ,2,3,0,1,1,4,3,0,75.0,75.0,0,0,0,0,5,1,2,0,0,0,0,4,,3.0,0.0,10.0,
松坂洸汰,2020-11,富士通カワサキレッドスピリッツ,2,15,2,5,2,6,2,1,33.3,16.7,0,0,0,0,3,0,2,1,0,0,0,2,,1.0,0.0,-8.3,
松坂洸汰,2020-12,富士通カワサキレッドスピリッツ,2,3,0,1,1,1,0,0,0.0,0.0,0,0,0,0,1,0,1,0,0,0,0,0,,0.0,0.0,-25.0,
松坂洸汰,2021-01,富士通カワサキレッドスピリッツ,2,6,1,2,4,15,6,2,40.0,26.7,0,0,0,4,10,0,1,4,0,0,0,10,,1.5,1.0,7.5,
松坂洸汰,2021-02,富士通カワサキレッドスピリッツ,2,12,0,4,4,13,6,0,46.2,46.2,0,0,0,1,10,2,1,5,0,0,0,9,,1.5,0.25,30.0,
松坂洸汰,2021-03,富士通カワサキレッドスピリッツ,2,3,1,1,1,1,1,0,100.0,100.0,0,0,0,0,2,0,1,0,0,0,0,1,,1.0,0.0,-12.5,
松岡将希,2021-02,ヴィアティン三重,24,7,3,2,9,46,16,4,34.8,26.1,3,1,0,1,17,0,6,5,37,21,7,17,33.3,1.78,0.11,-1.5,66.2
松永崚汰,2020-11,ヴィアティン三重,5,7,4,2,3,6,1,0,16.7,16.7,0,0,0,0,5,0,3,0,17,6,6,1,,0.33,0.0,-15.0,52.9
松永崚汰,2020-12,ヴィアティン三重,5,3,6,0,2,1,0,0,0.0,0.0,0,0,0,0,3,0,1,0,7,1,3,0,,0.0,0.0,-8.3,35.7
松浦孝平,2020-11,きんでんトリニティーブリッツ,22,2,12,0,12,0,0,0,,,0,0,0,0,13,2,1,3,6,3,1,2,,0.0,0.0,19.2,58.3
松田康河,2020-11,つくばユナイテッドSunGAIA,16,6,10,1,2,0,0,0,,,0,0,0,0,1,0,1,0,0,0,0,0,,0.0,0.0,-25.0,
松田康河,2020-12,つくばユナイテッドSunGAIA,16,0,3,0,0,0,0,0,,,0,0,0,0,0,0,0,0,0,0,0,0,,,,,
松田康河,2021-01,つくばユナイテッドSunGAIA,16,9,1,3,8,4,4,0,100.0,100.0,0,0,0,1,2,0,0,0,0,0,0,5,,0.5,0.12,0.0,
松田康河,2021-02,つくばユナイテッドSunGAIA,16,7,10,2,7,9,6,0,66.7,66.7,0,0,0,3,13,1,2,1,1,1,0,10,,0.86,0.43,5.8,100.0
林優作,2020-10,兵庫デルフィーノ,14,0,3,0,0,0,0,0,,,0,0,0,0,0,0,0,0,0,0,0,0,,,,,
林優作,2020-11,兵庫デルフィーノ,14,4,11,1,1,0,0,0,,,0,0,0,0,0,0,0,0,0,0,0,0,,0.0,0.0,,
林優作,2020-12,兵庫デルフィーノ,14,1,9,0,4,3,2,0,66.7,66.7,1,0,0,2,7,0,3,1,0,0,0,4,0.0,0.5,0.5,-7.1,
林優作,2021-02,兵庫デルフィーノ,14,0,18,0,11,16,8,2,50.0,37.5,0,0,0,3,35,1,2,7,1,1,0,12,,0.73,0.27,6.4,100.0
柏田樹,2020-10,サフィルヴァ北海道,22,3,4,1,7,34,19,1,55.9,52.9,0,0,0,5,19,0,1,5,0,0,0,24,,2.71,0.71,5.3,
柏田樹,2020-11,サフィルヴァ北海道,22,5,15,1,20,61,33,1,54.1,52.5,0,0,0,10,74,1,12,11,13,11,1,44,,1.65,0.5,1.0,88.5
柏田樹,2020-12,サフィルヴァ北海道,22,1,6,0,7,22,8,5,36.4,13.6,0,0,0,2,27,1,4,11,0,0,0,11,,1.14,0.29,10.2,
柏田樹,2021-02,サフィルヴァ北海道,22,3,6,1,8,21,10,5,47.6,23.8,0,0,0,9,25,0,5,6,0,0,0,19,,1.25,1.12,1.0,
柏田樹,2021-03,サフィルヴァ北海道,22,1,6,0,6,17,8,1,47.1,41.2,0,0,0,4,18,1,2,5,2,1,1,13,,1.33,0.67,9.7,75.0
柳川大知,2021-02,サフィルヴァ北海道,19,3,6,1,4,7,3,0,42.9,42.9,2,1,0,1,6,0,3,1,0,0,0,4,50.0,0.75,0.25,-8.3,
柳川大知,2021-03,サフィルヴァ北海道,19,1,3,0,3,0,0,0,,,0,0,0,0,4,0,2,1,0,0,0,0,,0.0,0.0,-6.2,
柳生大成,2020-10,長野GaRons,10,4,3,1,0,0,0,0,,,0,0,0,0,0,0,0,0,0,0,0,0,,,,,
柳生大成,2020-11,長野GaRons,10,16,6,5,4,1,0,0,0.0,0.0,0,0,0,2,7,0,2,0,0,0,0,2,,0.0,0.5,-7.1,
柳生大成,2020-12,長野GaRons,10,0,3,0,1,1,0,0,0.0,0.0,0,0,0,0,1,0,0,0,0,0,0,0,,0.0,0.0,0.0,
柳生大成,2021-01,長野GaRons,10,1,6,0,2,0,0,0,,,0,0,0,0,0,0,0,0,0,0,0,0,,0.0,0.0,,
柳生大成,2021-02,長野GaRons,10,10,19,2,6,5,0,0,0.0,0.0,0,0,0,1,16,1,0,2,0,0,0,2,,0.0,0.17,9.4,
柳田百織,2020-10,富士通カワサキレッドスピリッツ,4,3,0,1,3,15,5,1,33.3,26.7,4,2,1,1,9,0,0,2,1,1,0,6,50.0,1.67,0.33,5.6,100.0
柳田百織,2020-11,富士通カワサキレッドスピリッツ,4,21,2,7,20,178,99,12,55.6,48.9,66,35,8,8,85,2,9,22,3,3,0,109,53.0,4.95,0.4,6.2,100.0
柳田百織,2020-12,富士通カワサキレッドスピリッツ,4,6,0,2,6,43,26,4,60.5,51.2,23,13,3,2,21,1,2,4,0,0,0,29,56.5,4.33,0.33,7.1,
柳田百織,2021-01,富士通カワサキレッドスピリッツ,4,9,2,3,11,106,66,11,62.3,51.9,41,22,8,2,36,1,5,7,2,1,0,69,53.7,6.0,0.18,4.2,50.0
柳田百織,2021-02,富士通カワサキレッドスピリッツ,4,15,0,5,13,101,61,13,60.4,47.5,36,19,8,5,46,0,10,14,2,0,1,66,52.8,4.69,0.38,2.2,25.0
柳田百織,2021-03,富士通カワサキレッドスピリッツ,4,6,1,2,7,64,33,8,51.6,39.1,28,14,4,3,42,1,3,13,1,0,1,37,50.0,4.71,0.43,8.3,50.0
柿崎充,2020-11,サフィルヴァ北海道,21,5,15,1,20,160,70,21,43.8,30.6,59,22,13,6,67,3,24,13,0,0,0,79,37.3,3.5,0.3,0.4,
柿崎充,2020-12,サフィルヴァ北海道,21,1,6,0,7,64,25,3,39.1,34.4,33,12,2,2,27,2,7,10,0,0,0,29,36.4,3.57,0.29,10.2,
柿崎充,2021-02,サフィルヴァ北海道,21,3,7,1,8,50,20,2,40.0,36.0,17,5,1,2,20,0,6,5,1,1,0,22,29.4,2.5,0.25,-1.2,100.0
柿崎充,2021-03,サフィルヴァ北海道,21,1,6,0,7,69,30,7,43.5,33.3,34,14,6,2,33,3,9,10,1,1,0,35,41.2,4.29,0.29,9.8,100.0
桝谷周呈,2020-10,サフィルヴァ北海道,16,3,4,1,7,0,0,0,,,0,0,0,0,0,0,0,0,0,0,0,0,,0.0,0.0,,
桝谷周呈,2020-11,サフィルヴァ北海道,16,5,15,1,20,0,0,0,,,0,0,0,0,0,0,0,0,11,2,1,0,,0.0,0.0,,22.7
桝谷周呈,2020-12,サフィルヴァ北海道,16,1,6,0,7,0,0,0,,,0,0,0,0,0,0,0,0,0,0,0,0,,0.0,0.0,,
桝谷周呈,2021-02,サフィルヴァ北海道,16,3,6,1,4,0,0,0,,,0,0,0,0,0,0,0,0,4,2,1,0,,0.0,0.0,,62.5
森元貴哉,2020-10,サフィルヴァ北海道,17,3,4,1,7,65,20,4,30.8,24.6,9,3,1,5,17,0,6,2,41,17,13,25,33.3,2.86,0.71,-5.9,57.3
森元貴哉,2020-11,サフィルヴァ北海道,17,5,15,1,20,99,47,7,47.5,40.4,16,4,3,10,70,3,12,28,125,48,31,60,25.0,2.35,0.5,10.0,50.8
森垣拓真,2021-01,ヴィアティン三重,9,1,3,0,2,1,0,0,0.0,0.0,0,0,0,0,8,0,1,1,0,0,0,0,,0.0,0.0,0.0,
森垣拓真,2021-02,ヴィアティン三重,9,8,6,2,9,5,3,1,60.0,40.0,0,0,0,0,38,1,3,11,0,0,0,4,,0.33,0.0,7.9,
森田凌雅,2020-12,埼玉アザレア,14,10,4,3,8,48,26,5,54.2,43.8,5,2,1,4,25,1,4,6,49,20,11,31,40.0,3.25,0.5,6.0,52.0
森田凌雅,2021-01,埼玉アザレア,14,3,0,1,2,11,6,1,54.5,45.5,0,0,0,0,4,0,0,2,11,6,2,6,,3.0,0.0,12.5,63.6
森田凌雅,2021-02,埼玉アザレア,14,12,3,4,14,92,41,5,44.6,39.1,5,0,1,4,46,2,1,10,124,41,47,47,0.0,2.93,0.29,9.2,52.0
森陽希,2020-11,大同特殊鋼レッドスター,8,7,6,2,6,0,0,0,,,0,0,0,0,0,0,0,0,0,0,0,0,,0.0,0.0,,
森陽希,2020-12,大同特殊鋼レッドスター,8,9,6,3,6,4,2,0,50.0,50.0,0,0,0,0,2,1,0,0,0,0,0,3,,0.33,0.0,50.0,
森陽希,2021-01,大同特殊鋼レッドスター,8,1,3,0,4,15,7,0,46.7,46.7,0,0,0,1,8,0,1,1,0,0,0,8,,1.75,0.25,0.0,
森陽希,2021-02,大同特殊鋼レッドスター,8,11,8,3,9,18,5,1,27.8,22.2,0,0,0,1,28,1,1,7,0,0,0,7,,0.56,0.11,8.9,
毛利光生,2020-10,きんでんトリニティーブリッツ,11,1,3,0,4,3,1,0,33.3,33.3,0,0,0,0,12,0,2,2,0,0,0,1,,0.25,0.0,0.0,
毛利光生,2020-11,きんでんトリニティーブリッツ,11,4,18,0,22,12,3,2,25.0,8.3,1,0,0,2,77,2,4,26,0,0,0,7,0.0,0.14,0.09,9.7,
毛利光生,2020-12,きんでんトリニティーブリッツ,11,3,4,1,7,3,2,0,66.7,66.7,0,0,0,3,23,1,2,4,0,0,0,6,,0.29,0.43,6.5,
河西孔明,2020-10,サフィルヴァ北海道,15,0,3,0,1,0,0,0,,,0,0,0,0,1,0,1,0,0,0,0,0,,0.0,0.0,-25.0,
河西智洋,2020-10,サフィルヴァ北海道,3,3,4,1,6,1,1,0,100.0,100.0,1,1,0,0,2,0,2,0,11,3,3,1,100.0,0.17,0.0,-25.0,40.9
河西智洋,2020-11,サフィルヴァ北海道,3,5,15,1,9,29,12,4,41.4,27.6,1,0,1,0,13,0,8,1,30,8,4,12,0.0,1.33,0.0,-13.5,33.3
河西智洋,2020-12,サフィルヴァ北海道,3,1,6,0,7,44,13,3,29.5,22.7,1,0,0,3,17,0,9,3,56,16,25,16,0.0,1.86,0.43,-8.8,50.9
河西智洋,2021-02,サフィルヴァ北海道,3,6,7,2,9,44,25,5,56.8,45.5,6,3,1,4,21,1,8,3,48,12,17,30,50.0,2.78,0.44,-1.2,42.7
河西智洋,2021-03,サフィルヴァ北海道,3,1,6,0,3,1,0,0,0.0,0.0,0,0,0,0,1,0,0,0,7,3,0,0,,0.0,0.0,0.0,42.9
河野祥侑,2020-11,東京ヴェルディ,5,9,10,3,2,1,0,0,0.0,0.0,0,0,0,0,1,0,0,0,0,0,0,0,,0.0,0.0,0.0,
河野祥侑,2020-12,東京ヴェルディ,5,10,6,3,1,0,0,0,,,0,0,0,0,3,0,0,0,0,0,0,0,,0.0,0.0,0.0,
津田大地,2020-11,大同特殊鋼レッドスター,7,7,6,2,9,22,9,1,40.9,36.4,0,0,0,0,29,0,3,4,34,14,14,9,,1.0,0.0,0.9,61.8
津田大地,2020-12,大同特殊鋼レッドスター,7,9,6,3,10,45,21,7,46.7,31.1,0,0,0,0,28,1,3,6,78,43,24,22,,2.1,0.0,6.2,70.5
津田大地,2021-01,大同特殊鋼レッドスター,7,1,3,0,4,35,11,4,31.4,20.0,4,3,0,0,11,0,3,1,27,11,6,11,75.0,2.75,0.0,-4.5,51.9
津田大地,2021-02,大同特殊鋼レッドスター,7,11,8,3,15,80,36,4,45.0,40.0,1,1,0,2,47,3,7,10,106,57,28,41,100.0,2.4,0.13,8.0,67.0
浅田潮,2020-10,長野GaRons,5,4,3,1,7,44,11,5,25.0,13.6,0,0,0,3,23,0,1,6,33,11,5,14,,1.57,0.43,5.4,40.9
浅田潮,2020-11,長野GaRons,5,16,6,5,22,196,68,15,34.7,27.0,0,0,0,18,85,2,17,15,55,13,17,88,,3.09,0.82,1.8,39.1
浅田潮,2020-12,長野GaRons,5,0,3,0,2,12,5,0,41.7,41.7,0,0,0,0,7,0,2,0,2,1,0,5,,2.5,0.0,-7.1,50.0
浅田潮,2021-01,長野GaRons,5,1,3,0,0,0,0,0,,,0,0,0,0,0,0,0,0,0,0,0,0,,,,,
浅田潮,2021-02,長野GaRons,5,10,19,2,6,11,3,2,27.3,9.1,0,0,0,0,3,0,0,2,16,10,3,3,,0.5,0.0,16.7,71.9
浅草大燿,2020-10,兵庫デルフィーノ,6,0,3,0,3,3,1,0,33.3,33.3,0,0,0,0,7,0,3,0,0,0,0,1,,0.33,0.0,-10.7,
浅草大燿,2020-11,兵庫デルフィーノ,6,4,14,1,14,40,14,7,35.0,17.5,2,0,1,3,18,0,7,1,32,12,7,17,0.0,1.0,0.21,-8.3,48.4
浅草大燿,2020-12,兵庫デルフィーノ,6,2,6,0,8,56,20,4,35.7,28.6,2,1,0,2,28,1,9,7,47,13,21,23,50.0,2.5,0.25,1.8,50.0
浅草大燿,2021-01,兵庫デルフィーノ,6,0,6,0,3,8,2,1,25.0,12.5,0,0,0,1,6,0,2,2,6,2,1,3,,0.67,0.33,0.0,41.7
浅草大燿,2021-02,兵庫デルフィーノ,6,2,15,0,17,58,18,8,31.0,17.2,1,0,1,4,39,2,11,6,74,27,24,24,0.0,1.06,0.24,1.9,52.7
浅野卓雅,2020-10,富士通カワサキレッドスピリッツ,11,3,0,1,2,9,5,2,55.6,33.3,3,2,0,1,9,0,2,3,9,6,3,6,66.7,2.5,0.5,2.8,83.3
浅野卓雅,2020-11,富士通カワサキレッドスピリッツ,11,21,2,7,20,125,62,12,49.6,40.0,15,8,3,5,74,1,9,14,135,66,39,68,53.3,3.1,0.25,3.0,63.3
浅野卓雅,2020-12,富士通カワサキレッドスピリッツ,11,6,0,2,6,40,23,4,57.5,47.5,11,5,3,2,25,1,6,5,33,14,10,26,45.5,3.83,0.33,3.0,57.6
浅野卓雅,2021-01,富士通カワサキレッドスピリッツ,11,9,2,3,9,49,21,6,42.9,30.6,4,2,1,2,33,0,6,6,42,12,11,23,50.0,2.33,0.22,0.0,41.7
浅野卓雅,2021-02,富士通カワサキレッドスピリッツ,11,15,0,5,13,55,27,1,49.1,47.3,15,10,0,1,50,1,7,11,50,17,16,29,66.7,2.08,0.08,4.0,50.0
浅野卓雅,2021-03,富士通カワサキレッドスピリッツ,11,6,1,2,7,43,22,1,51.2,48.8,6,3,0,4,24,2,6,2,40,13,10,28,50.0,3.14,0.57,4.2,45.0
浜崎勇矢,2020-10,つくばユナイテッドSunGAIA,2,7,4,2,11,7,3,1,42.9,28.6,0,0,0,0,32,0,2,5,0,0,0,3,,0.27,0.0,2.3,
浜崎勇矢,2020-11,つくばユナイテッドSunGAIA,2,6,13,1,16,13,5,1,38.5,30.8,1,0,0,1,49,1,4,12,1,0,0,7,0.0,0.31,0.06,6.1,0.0
浜崎勇矢,2020-12,つくばユナイテッドSunGAIA,2,0,3,0,2,1,0,0,0.0,0.0,0,0,0,0,1,0,1,0,0,0,0,0,,0.0,0.0,-25.0,
浜崎勇矢,2021-01,つくばユナイテッドSunGAIA,2,9,1,3,1,0,0,0,,,0,0,0,0,1,0,0,0,0,0,0,0,,0.0,0.0,0.0,
浜崎勇矢,2021-02,つくばユナイテッドSunGAIA,2,7,10,2,12,4,1,1,25.0,0.0,0,0,0,2,33,0,4,7,0,0,0,3,,0.08,0.17,2.3,
浜田翔太,2020-10,埼玉アザレア,6,3,1,1,4,3,2,1,66.7,33.3,0,0,0,4,13,0,1,1,2,0,2,6,,0.5,1.0,0.0,50.0
浜田翔太,2020-11,埼玉アザレア,6,1,6,0,7,8,2,1,25.0,12.5,0,0,0,1,17,0,2,2,5,1,1,3,,0.29,0.14,0.0,30.0
浜田翔太,2020-12,埼玉アザレア,6,10,4,3,13,17,3,3,17.6,0.0,2,0,0,7,42,0,5,9,3,1,0,10,0.0,0.23,0.54,2.4,33.3
浜田翔太,2021-01,埼玉アザレア,6,3,0,1,3,2,0,0,0.0,0.0,0,0,0,2,8,0,1,4,0,0,0,2,,0.0,0.67,9.4,
浜田翔太,2021-02,埼玉アザレア,6,12,3,4,15,21,10,1,47.6,42.9,2,2,0,10,58,2,3,6,0,0,0,22,100.0,0.67,0.67,4.7,
浜田翔太,2021-03,埼玉アザレア,6,3,3,1,6,5,0,0,0.0,0.0,0,0,0,1,15,1,1,2,0,0,0,2,,0.0,0.17,8.3,
清水久雄,2020-11,サフィルヴァ北海道,8,5,9,1,5,0,0,0,,,0,0,0,0,0,0,0,0,0,0,0,0,,0.0,0.0,,
清水久雄,2020-12,サフィルヴァ北海道,8,1,6,0,2,0,0,0,,,0,0,0,0,1,0,0,1,0,0,0,0,,0.0,0.0,25.0,
清水久雄,2021-02,サフィルヴァ北海道,8,0,6,0,6,0,0,0,,,0,0,0,3,14,0,2,1,0,0,0,3,,0.0,0.5,-1.8,
清水遼,2020-11,大同特殊鋼レッドスター,15,7,6,2,3,0,0,0,,,0,0,0,0,3,0,2,0,0,0,0,0,,0.0,0.0,-16.7,
清水遼,2020-12,大同特殊鋼レッドスター,15,9,6,3,2,3,0,1,0.0,-33.3,1,0,0,0,2,0,2,0,0,0,0,0,0.0,0.0,0.0,-25.0,
清水遼,2021-01,大同特殊鋼レッドスター,15,1,3,0,4,23,5,4,21.7,4.3,4,1,2,1,20,3,5,6,0,0,0,9,25.0,1.25,0.25,16.2,
清水遼,2021-02,大同特殊鋼レッドスター,15,11,8,3,10,65,27,9,41.5,27.7,14,4,3,2,44,4,7,12,0,0,0,33,28.6,2.7,0.2,11.9,
渡辺俊介,2020-12,ヴォレアス北海道,8,3,0,1,3,0,0,0,,,0,0,0,0,0,0,0,0,12,9,3,0,,0.0,0.0,,87.5
渡辺俊介,2021-02,ヴォレアス北海道,8,9,3,3,11,0,0,0,,,0,0,0,0,0,0,0,0,35,19,8,0,,0.0,0.0,,65.7
渡辺俊介,2021-03,ヴォレアス北海道,8,3,3,1,6,0,0,0,,,0,0,0,0,0,0,0,0,32,21,7,0,,0.0,0.0,,76.6
渡辺周馬,2020-11,東京ヴェルディ,26,9,10,3,19,80,40,2,50.0,47.5,0,0,0,10,49,1,0,12,4,0,3,51,,2.11,0.53,8.2,37.5
渡辺周馬,2020-12,東京ヴェルディ,26,10,6,3,16,73,34,2,46.6,43.8,1,0,0,14,33,0,3,10,3,2,1,48,0.0,2.12,0.88,5.3,83.3
渡邊和馬,2020-11,大同特殊鋼レッドスター,2,7,6,2,8,0,0,0,,,0,0,0,0,11,0,1,0,0,0,0,0,,0.0,0.0,-2.3,
渡邊和馬,2020-12,大同特殊鋼レッドスター,2,9,6,3,8,0,0,0,,,0,0,0,0,14,0,0,3,0,0,0,0,,0.0,0.0,5.4,
渡邊和馬,2021-01,大同特殊鋼レッドスター,2,1,3,0,4,0,0,0,,,0,0,0,0,7,0,0,1,0,0,0,0,,0.0,0.0,3.6,
渡邊和馬,2021-02,大同特殊鋼レッドスター,2,11,8,3,17,2,2,0,100.0,100.0,0,0,0,2,40,0,2,11,0,0,0,4,,0.12,0.12,5.6,
渡部勇人,2020-10,長野GaRons,4,4,3,1,7,1,0,0,0.0,0.0,0,0,0,0,20,1,1,3,1,0,0,1,,0.0,0.0,7.5,0.0
渡部勇人,2020-11,長野GaRons,4,16,6,5,22,2,1,0,50.0,50.0,0,0,0,3,64,1,0,7,0,0,0,5,,0.05,0.14,4.3,
渡部勇人,2020-12,長野GaRons,4,0,3,0,0,0,0,0,,,0,0,0,0,0,0,0,0,0,0,0,0,,,,,
渡部勇人,2021-01,長野GaRons,4,1,6,0,7,1,1,0,100.0,100.0,0,0,0,1,18,0,0,6,0,0,0,2,,0.14,0.14,8.3,
渡部勇人,2021-02,長野GaRons,4,10,19,2,27,9,6,0,66.7,66.7,1,0,0,4,80,0,0,13,1,0,0,10,0.0,0.22,0.15,4.1,0.0
満生大輝,2020-10,つくばユナイテッドSunGAIA,20,7,4,2,11,66,29,8,43.9,31.8,9,4,2,2,35,1,10,10,68,42,6,32,44.4,2.64,0.18,2.9,66.2
満生大輝,2020-11,つくばユナイテッドSunGAIA,20,0,3,0,1,1,1,0,100.0,100.0,0,0,0,0,1,0,1,0,6,3,3,1,,1.0,0.0,-25.0,75.0
満生大輝,2020-12,つくばユナイテッドSunGAIA,20,0,3,0,0,0,0,0,,,0,0,0,0,0,0,0,0,0,0,0,0,,,,,
満生大輝,2021-01,つくばユナイテッドSunGAIA,20,6,1,2,0,0,0,0,,,0,0,0,0,0,0,0,0,0,0,0,0,,,,,
満生大輝,2021-02,つくばユナイテッドSunGAIA,20,7,7,2,2,0,0,0,,,0,0,0,0,2,0,2,0,0,0,0,0,,0.0,0.0,-25.0,
澁谷杜斗,2020-10,兵庫デルフィーノ,11,0,3,0,3,14,4,2,28.6,14.3,3,0,2,1,10,0,2,1,10,3,3,5,0.0,1.33,0.33,-2.5,45.0
澁谷杜斗,2020-11,兵庫デルフィーノ,11,4,14,1,17,67,25,9,37.3,23.9,1,0,1,2,57,3,5,10,95,18,36,30,0.0,1.47,0.12,7.5,37.9
澁谷杜斗,2020-12,兵庫デルフィーノ,11,1,9,0,10,55,23,4,41.8,34.5,3,0,1,2,28,1,4,3,47,20,13,26,0.0,2.3,0.2,2.7,56.4
澁谷杜斗,2021-01,兵庫デルフィーノ,11,0,6,0,5,10,5,1,50.0,40.0,0,0,0,0,11,0,0,2,30,11,6,5,,1.0,0.0,4.5,46.7
澁谷杜斗,2021-02,兵庫デルフィーノ,11,2,21,0,22,113,40,8,35.4,28.3,0,0,0,3,66,0,9,19,123,36,42,43,,1.82,0.14,3.8,46.3
澤瑞貴,2020-11,東京ヴェルディ,12,9,10,3,18,87,34,10,39.1,27.6,18,5,1,4,55,1,11,14,160,67,43,39,27.8,1.89,0.22,3.2,55.3
澤瑞貴,2020-12,東京ヴェルディ,12,10,6,3,16,90,42,13,46.7,32.2,15,7,3,5,63,3,10,16,108,40,35,50,46.7,2.62,0.31,7.1,53.2
澤瑞貴,2021-01,東京ヴェルディ,12,0,6,0,4,17,11,1,64.7,58.8,4,2,1,4,9,0,2,1,25,10,7,15,50.0,2.75,1.0,-2.8,54.0
濱田英寿,2021-01,つくばユナイテッドSunGAIA,11,9,1,3,9,5,1,1,20.0,0.0,0,0,0,0,1,0,0,0,16,9,1,1,,0.11,0.0,0.0,59.4
濱田英寿,2021-02,つくばユナイテッドSunGAIA,11,7,7,2,10,7,4,1,57.1,42.9,1,0,0,1,15,1,2,7,27,11,8,6,0.0,0.4,0.1,15.0,55.6
瀧澤陽紀,2020-10,つくばユナイテッドSunGAIA,6,7,4,2,7,10,5,0,50.0,50.0,1,1,0,0,9,0,5,2,11,6,3,5,100.0,0.71,0.0,-8.3,68.2
瀧澤陽紀,2020-11,つくばユナイテッドSunGAIA,6,6,13,1,19,122,52,8,42.6,36.1,17,9,1,7,71,1,9,19,107,47,40,60,52.9,2.74,0.37,4.9,62.6
瀧澤陽紀,2020-12,つくばユナイテッドSunGAIA,6,0,3,0,3,20,9,0,45.0,45.0,4,1,0,1,17,1,4,4,25,9,6,11,25.0,3.0,0.33,5.9,48.0
瀧澤陽紀,2021-01,つくばユナイテッドSunGAIA,6,9,1,3,10,67,33,3,49.3,44.8,6,2,2,2,40,1,4,15,37,21,7,36,33.3,3.3,0.2,9.4,66.2
瀧澤陽紀,2021-02,つくばユナイテッドSunGAIA,6,7,10,2,17,100,36,10,36.0,26.0,15,6,0,2,53,1,6,17,76,26,24,39,40.0,2.12,0.12,7.1,50.0
熊谷勇人,2021-01,東京ヴェルディ,11,0,6,0,2,0,0,0,,,0,0,0,0,5,0,0,1,0,0,0,0,,0.0,0.0,5.0,
猪岡恭平,2020-10,兵庫デルフィーノ,12,0,3,0,2,0,0,0,,,0,0,0,0,0,0,0,0,11,5,4,0,,0.0,0.0,,63.6
猪岡恭平,2020-11,兵庫デルフィーノ,12,4,14,1,10,0,0,0,,,0,0,0,0,0,0,0,0,43,14,12,0,,0.0,0.0,,46.5
猪岡恭平,2020-12,兵庫デルフィーノ,12,3,12,0,14,0,0,0,,,0,0,0,0,1,0,0,0,20,7,6,0,,0.0,0.0,0.0,50.0
猪岡恭平,2021-01,兵庫デルフィーノ,12,0,6,0,6,0,0,0,,,0,0,0,0,0,0,0,0,16,6,5,0,,0.0,0.0,,53.1
猪岡恭平,2021-02,兵庫デルフィーノ,12,0,18,0,15,0,0,0,,,0,0,0,0,0,0,0,0,90,28,27,0,,0.0,0.0,,46.1
玉嶋佑樹,2020-10,兵庫デルフィーノ,9,0,3,0,0,0,0,0,,,0,0,0,0,0,0,0,0,0,0,0,0,,,,,
玉嶋佑樹,2020-11,兵庫デルフィーノ,9,1,12,0,4,0,0,0,,,0,0,0,0,1,0,0,1,3,2,0,0,,0.0,0.0,25.0,66.7
玉嶋佑樹,2020-12,兵庫デルフィーノ,9,0,3,0,1,0,0,0,,,0,0,0,0,1,0,0,0,0,0,0,0,,0.0,0.0,0.0,
玉嶋佑樹,2021-01,兵庫デルフィーノ,9,0,3,0,1,0,0,0,,,0,0,0,0,1,0,0,0,0,0,0,0,,0.0,0.0,0.0,
玉嶋佑樹,2021-02,兵庫デルフィーノ,9,2,21,0,16,2,0,1,0.0,-50.0,0,0,0,0,0,0,0,0,3,1,1,0,,0.0,0.0,,50.0
田中寛人,2020-10,兵庫デルフィーノ,7,0,3,0,3,7,2,0,28.6,28.6,0,0,0,2,9,0,0,1,0,0,0,4,,0.67,0.67,2.8,
田中寛人,2020-11,兵庫デルフィーノ,7,4,14,1,18,56,26,1,46.4,44.6,0,0,0,12,51,2,1,9,4,1,2,40,,1.44,0.67,7.8,50.0
田中寛人,2020-12,兵庫デルフィーノ,7,3,9,0,3,4,1,0,25.0,25.0,0,0,0,1,10,1,1,2,2,2,0,3,,0.33,0.33,12.5,100.0
田中寛人,2021-02,兵庫デルフィーノ,7,2,15,0,9,22,9,2,40.9,31.8,0,0,0,1,18,0,0,4,5,1,2,10,,1.0,0.11,5.6,40.0
田中尚,2020-11,大同特殊鋼レッドスター,4,7,6,2,13,40,24,2,60.0,55.0,0,0,0,4,56,2,5,9,7,7,0,30,,1.85,0.31,5.4,100.0
田中尚,2020-12,大同特殊鋼レッドスター,4,9,6,3,15,61,35,2,57.4,54.1,0,0,0,10,46,0,4,10,4,3,1,45,,2.33,0.67,3.3,87.5
田中尚,2021-01,大同特殊鋼レッドスター,4,1,3,0,4,15,8,2,53.3,40.0,0,0,0,0,16,0,1,6,1,1,0,8,,2.0,0.0,7.8,100.0
田中尚,2021-02,大同特殊鋼レッドスター,4,11,8,3,19,73,36,3,49.3,45.2,0,0,0,14,55,0,8,13,5,4,1,50,,1.89,0.74,2.3,90.0
田中拓海,2020-11,東京ヴェルディ,17,9,10,3,19,14,8,1,57.1,50.0,0,0,0,2,80,2,5,18,4,0,0,12,,0.42,0.11,6.6,0.0
田中拓海,2020-12,東京ヴェルディ,17,10,6,3,15,9,4,1,44.4,33.3,0,0,0,0,56,0,2,12,0,0,0,4,,0.27,0.0,4.5,
田城広光,2020-10,ヴォレアス北海道,23,6,1,2,6,20,14,1,70.0,65.0,0,0,0,3,27,0,5,7,3,1,2,17,,2.33,0.5,1.9,66.7
田城広光,2020-11,ヴォレアス北海道,23,18,4,6,19,55,26,2,47.3,43.6,0,0,0,9,74,4,18,30,10,3,0,39,,1.37,0.47,9.5,30.0
田城広光,2020-12,ヴォレアス北海道,23,6,1,2,7,18,9,2,50.0,38.9,0,0,0,5,19,1,5,6,0,0,0,15,,1.29,0.71,6.6,
田城広光,2021-02,ヴォレアス北海道,23,9,3,3,12,28,17,2,60.7,53.6,0,0,0,4,39,2,11,8,10,3,4,23,,1.42,0.33,3.2,50.0
田城広光,2021-03,ヴォレアス北海道,23,3,3,1,6,16,7,3,43.8,25.0,0,0,0,4,25,1,4,5,0,0,0,12,,1.17,0.67,5.0,
田城貴之,2020-10,ヴォレアス北海道,3,6,1,2,3,6,6,0,100.0,100.0,0,0,0,3,14,2,2,4,1,0,0,11,,2.0,1.0,17.9,0.0
田城貴之,2020-11,ヴォレアス北海道,3,18,4,6,11,24,16,0,66.7,66.7,0,0,0,8,46,5,7,11,1,0,1,29,,1.45,0.73,13.0,50.0
田城貴之,2020-12,ヴォレアス北海道,3,6,1,2,4,5,3,0,60.0,60.0,0,0,0,2,20,2,5,6,4,2,0,7,,0.75,0.5,11.2,50.0
田城貴之,2021-02,ヴォレアス北海道,3,3,3,1,3,4,2,0,50.0,50.0,0,0,0,2,8,1,2,1,0,0,0,5,,0.67,0.67,9.4,
田城貴之,2021-03,ヴォレアス北海道,3,3,3,1,3,7,4,0,57.1,57.1,0,0,0,2,8,0,3,0,0,0,0,6,,1.33,0.67,-9.4,
田畑翔伍,2020-10,きんでんトリニティーブリッツ,7,1,3,0,3,3,0,0,0.0,0.0,0,0,0,1,1,0,0,1,8,4,1,1,,0.0,0.33,25.0,56.2
田畑翔伍,2020-11,きんでんトリニティーブリッツ,7,4,18,0,17,59,17,10,28.8,11.9,3,1,1,3,38,2,5,8,96,31,33,22,33.3,1.0,0.18,7.2,49.5
田畑翔伍,2020-12,きんでんトリニティーブリッツ,7,3,4,1,7,31,8,5,25.8,9.7,2,1,1,5,12,0,5,0,42,20,11,13,50.0,1.14,0.71,-10.4,60.7
白川佑樹,2020-10,兵庫デルフィーノ,2,0,3,0,0,0,0,0,,,0,0,0,0,0,0,0,0,0,0,0,0,,,,,
白川佑樹,2020-11,兵庫デルフィーノ,2,3,11,1,4,0,0,0,,,0,0,0,0,3,0,1,0,2,0,1,0,,0.0,0.0,-8.3,25.0
白川佑樹,2020-12,兵庫デルフィーノ,2,3,12,0,6,9,2,3,22.2,-11.1,1,0,0,0,5,0,4,0,0,0,0,2,0.0,0.33,0.0,-20.0,
白川佑樹,2021-01,兵庫デルフィーノ,2,0,6,0,3,7,1,1,14.3,0.0,3,0,1,0,4,0,1,2,0,0,0,1,0.0,0.33,0.0,6.2,
白川佑樹,2021-02,兵庫デルフィーノ,2,2,21,0,11,36,13,6,36.1,19.4,9,3,3,1,17,1,3,2,0,0,0,15,33.3,1.18,0.09,4.4,
白石啓丈,2020-10,ヴォレアス北海道,10,6,1,2,7,0,0,0,,,0,0,0,0,0,0,0,0,17,12,2,0,,0.0,0.0,,76.5
白石啓丈,2020-11,ヴォレアス北海道,10,18,4,6,22,0,0,0,,,0,0,0,0,0,0,0,0,92,46,24,0,,0.0,0.0,,63.0
白石啓丈,2020-12,ヴォレアス北海道,10,6,1,2,4,0,0,0,,,0,0,0,0,0,0,0,0,17,12,4,0,,0.0,0.0,,82.4
白石啓丈,2021-02,ヴォレアス北海道,10,9,3,3,1,0,0,0,,,0,0,0,0,0,0,0,0,4,3,0,0,,0.0,0.0,,75.0
白石啓丈,2021-03,ヴォレアス北海道,10,3,3,1,3,0,0,0,,,0,0,0,0,0,0,0,0,4,3,1,0,,0.0,0.0,,87.5
石井和希,2020-10,埼玉アザレア,3,3,1,1,4,43,25,3,58.1,51.2,8,3,1,0,16,0,0,1,0,0,0,25,37.5,6.25,0.0,1.6,
石井和希,2020-11,埼玉アザレア,3,1,6,0,7,88,35,10,39.8,28.4,27,13,5,0,24,0,1,7,0,0,0,35,48.1,5.0,0.0,6.2,
石井和希,2020-12,埼玉アザレア,3,10,4,3,11,97,49,6,50.5,44.3,20,11,3,6,43,1,2,15,2,0,0,56,55.0,4.45,0.55,9.9,0.0
石井和希,2021-01,埼玉アザレア,3,3,0,1,2,13,10,0,76.9,76.9,5,4,0,0,11,1,1,3,0,0,0,11,80.0,5.0,0.0,13.6,
石井和希,2021-02,埼玉アザレア,3,12,3,4,6,48,21,3,43.8,37.5,10,4,2,4,18,0,0,3,0,0,0,25,40.0,3.5,0.67,4.2,
石井和希,2021-03,埼玉アザレア,3,3,3,1,3,19,8,4,42.1,21.1,4,1,2,3,8,0,1,1,0,0,0,11,25.0,2.67,1.0,0.0,
石坂ハスナヌ,2020-10,長野GaRons,7,4,3,1,7,23,13,3,56.5,43.5,0,0,0,9,26,1,1,7,0,0,0,23,,1.86,1.29,9.6,
石坂ハスナヌ,2020-11,長野GaRons,7,16,6,5,22,66,38,3,57.6,53.0,0,0,0,7,107,3,5,21,3,2,1,48,,1.73,0.32,6.5,83.3
石坂ハスナヌ,2020-12,長野GaRons,7,0,3,0,3,7,2,0,28.6,28.6,0,0,0,2,10,0,0,2,3,2,0,4,,0.67,0.67,5.0,66.7
石坂ハスナヌ,2021-01,長野GaRons,7,1,6,0,7,19,7,1,36.8,31.6,0,0,0,3,21,0,1,6,2,2,0,10,,1.0,0.43,6.0,100.0
石坂ハスナヌ,2021-02,長野GaRons,7,10,19,2,29,88,45,3,51.1,47.7,2,0,0,10,109,1,3,16,11,6,2,56,0.0,1.55,0.34,3.9,63.6
石川和樹,2020-10,ヴィアティン三重,4,1,9,0,4,10,5,2,50.0,30.0,3,0,2,0,9,0,2,0,9,3,2,5,0.0,1.25,0.0,-5.6,44.4
石川和樹,2020-11,ヴィアティン三重,4,7,4,2,4,2,2,0,100.0,100.0,0,0,0,1,8,1,0,4,0,0,0,4,,0.5,0.25,25.0,
石川和樹,2020-12,ヴィアティン三重,4,3,6,0,3,2,1,0,50.0,50.0,0,0,0,0,8,0,0,0,0,0,0,1,,0.33,0.0,0.0,
石川和樹,2021-01,ヴィアティン三重,4,3,0,1,3,11,5,0,45.5,45.5,0,0,0,2,17,0,0,2,19,7,2,7,,1.67,0.67,2.9,42.1
石川和樹,2021-02,ヴィアティン三重,4,7,6,2,6,13,4,2,30.8,15.4,0,0,0,0,11,0,0,3,6,1,4,4,,0.67,0.0,6.8,50.0
石黒聖也,2020-11,東京ヴェルディ,16,9,7,3,8,21,10,1,47.6,42.9,0,0,0,6,24,3,5,11,5,4,1,19,,1.25,0.75,18.8,90.0
石黒聖也,2020-12,東京ヴェルディ,16,10,6,3,10,9,3,2,33.3,11.1,0,0,0,2,17,0,4,7,1,1,0,5,,0.3,0.2,4.4,100.0
石黒聖也,2021-01,東京ヴェルディ,16,0,6,0,6,8,2,2,25.0,0.0,0,0,0,2,11,0,3,3,2,0,0,4,,0.33,0.33,0.0,0.0
神園時,2020-10,サフィルヴァ北海道,2,3,4,1,7,0,0,0,,,0,0,0,0,0,0,0,0,42,27,6,0,,0.0,0.0,,71.4
神園時,2020-11,サフィルヴァ北海道,2,5,15,1,18,0,0,0,,,0,0,0,0,0,0,0,0,92,38,25,0,,0.0,0.0,,54.9
神園時,2020-12,サフィルヴァ北海道,2,1,6,0,7,0,0,0,,,0,0,0,0,0,0,0,0,40,9,17,0,,0.0,0.0,,43.8
神園時,2021-02,サフィルヴァ北海道,2,6,1,2,7,0,0,0,,,0,0,0,0,0,0,0,0,26,11,7,0,,0.0,0.0,,55.8
神園時,2021-03,サフィルヴァ北海道,2,1,6,0,7,0,0,0,,,0,0,0,0,0,0,0,0,37,19,7,0,,0.0,0.0,,60.8
福井裕貴,2020-10,きんでんトリニティーブリッツ,23,1,3,0,3,12,6,2,50.0,33.3,0,0,0,0,10,0,0,0,0,0,0,6,,2.0,0.0,0.0,
福井裕貴,2020-11,きんでんトリニティーブリッツ,23,4,18,0,21,102,54,7,52.9,46.1,1,0,0,7,53,0,4,5,2,0,1,61,0.0,2.57,0.33,0.5,25.0
福井裕貴,2020-12,きんでんトリニティーブリッツ,23,3,4,1,7,25,13,1,52.0,48.0,0,0,0,3,25,0,1,5,0,0,0,16,,1.86,0.43,4.0,
福元浩太郎,2021-01,ヴィアティン三重,18,1,3,0,2,0,0,0,,,0,0,0,0,10,0,1,4,0,0,0,0,,0.0,0.0,7.5,
福元浩太郎,2021-02,ヴィアティン三重,18,6,3,2,7,1,0,0,0.0,0.0,0,0,0,1,15,1,1,1,1,1,0,2,,0.0,0.14,6.7,100.0
福池凌太,2021-01,長野GaRons,13,1,6,0,6,38,14,3,36.8,28.9,4,4,0,0,21,2,3,8,9,2,0,16,100.0,2.33,0.0,15.5,22.2
福池凌太,2021-02,長野GaRons,13,10,19,2,29,236,94,15,39.8,33.5,20,11,5,6,92,2,22,13,43,10,12,102,55.0,3.24,0.21,-0.3,37.2
秦惇平,2020-11,兵庫デルフィーノ,10,3,5,1,4,11,2,3,18.2,-9.1,1,0,1,0,8,0,3,3,13,4,3,2,0.0,0.5,0.0,0.0,42.3
秦惇平,2020-12,兵庫デルフィーノ,10,2,3,0,5,4,2,0,50.0,50.0,0,0,0,0,6,0,0,1,8,4,1,2,,0.4,0.0,4.2,56.2
秦惇平,2021-01,兵庫デルフィーノ,10,0,6,0,5,19,4,1,21.1,15.8,1,1,0,0,8,0,4,3,11,1,6,4,100.0,0.8,0.0,-3.1,36.4
秦惇平,2021-02,兵庫デルフィーノ,10,2,3,0,1,0,0,0,,,0,0,0,0,1,0,0,1,0,0,0,0,,0.0,0.0,25.0,
竹内敦彦,2020-11,兵庫デルフィーノ,19,0,6,0,0,0,0,0,,,0,0,0,0,0,0,0,0,0,0,0,0,,,,,
笠原佑斗,2020-11,サフィルヴァ北海道,7,5,15,1,1,1,1,0,100.0,100.0,0,0,0,0,2,0,0,0,0,0,0,1,,1.0,0.0,0.0,
笠原佑斗,2021-02,サフィルヴァ北海道,7,6,4,2,6,11,7,1,63.6,54.5,0,0,0,4,19,2,0,0,0,0,0,13,,1.17,0.67,10.5,
笠原佑斗,2021-03,サフィルヴァ北海道,7,1,6,0,3,1,0,0,0.0,0.0,0,0,0,2,4,0,1,0,1,0,0,2,,0.0,0.67,-6.2,0.0
笠原啓太,2020-10,埼玉アザレア,7,3,1,1,4,8,5,0,62.5,62.5,0,0,0,1,18,1,1,7,0,0,0,7,,1.25,0.25,13.9,
笠原啓太,2020-11,埼玉アザレア,7,1,6,0,7,22,9,3,40.9,27.3,0,0,0,7,28,5,3,10,0,0,0,21,,1.29,1.0,24.1,
笠原啓太,2020-12,埼玉アザレア,7,10,4,3,12,24,15,1,62.5,58.3,0,0,0,3,48,1,6,16,1,1,0,19,,1.25,0.25,7.3,100.0
笠原啓太,2021-01,埼玉アザレア,7,3,0,1,1,0,0,0,,,0,0,0,0,2,0,0,5,0,0,0,0,,0.0,0.0,62.5,
笠原啓太,2021-02,埼玉アザレア,7,12,3,4,14,39,21,1,53.8,51.3,0,0,0,6,45,2,3,8,1,0,0,29,,1.5,0.43,7.2,0.0
笠原啓太,2021-03,埼玉アザレア,7,3,3,1,6,16,9,0,56.2,56.2,0,0,0,1,20,1,1,4,0,0,0,11,,1.5,0.17,8.8,
笹岡凪斗,2020-10,長野GaRons,8,4,3,1,2,0,0,0,,,0,0,0,0,4,0,0,1,0,0,0,0,,0.0,0.0,6.2,
笹岡凪斗,2021-01,長野GaRons,8,1,6,0,3,0,0,0,,,0,0,0,0,3,0,0,0,0,0,0,0,,0.0,0.0,0.0,
笹岡凪斗,2021-02,長野GaRons,8,1,3,0,1,0,0,0,,,0,0,0,0,1,0,0,0,0,0,0,0,,0.0,0.0,0.0,
筒井匠,2020-10,埼玉アザレア,8,3,1,1,3,0,0,0,,,0,0,0,0,3,0,0,0,0,0,0,0,,0.0,0.0,0.0,
筒井匠,2020-11,埼玉アザレア,8,1,6,0,4,0,0,0,,,0,0,0,0,5,0,1,0,0,0,0,0,,0.0,0.0,-5.0,
筒井匠,2020-12,埼玉アザレア,8,10,4,3,9,6,1,1,16.7,0.0,1,0,0,0,16,1,0,5,0,0,0,2,0.0,0.11,0.0,14.1,
筒井匠,2021-01,埼玉アザレア,8,3,0,1,2,5,2,0,40.0,40.0,0,0,0,1,8,1,1,5,1,0,0,4,,1.0,0.5,25.0,0.0
筒井匠,2021-02,埼玉アザレア,8,12,3,4,8,10,4,2,40.0,20.0,0,0,0,0,19,0,2,5,0,0,0,4,,0.5,0.0,3.9,
筒井匠,2021-03,埼玉アザレア,8,3,3,1,5,2,1,0,50.0,50.0,0,0,0,1,10,0,0,2,0,0,0,2,,0.2,0.2,5.0,
篠原和政,2020-11,長野GaRons,17,13,5,4,1,0,0,0,,,0,0,0,0,2,0,0,2,0,0,0,0,,0.0,0.0,25.0,
篠原和政,2020-12,長野GaRons,17,0,3,0,2,0,0,0,,,0,0,0,0,3,0,1,0,0,0,0,0,,0.0,0.0,-8.3,
篠原和政,2021-01,長野GaRons,17,1,6,0,2,0,0,0,,,0,0,0,0,5,0,1,2,0,0,0,0,,0.0,0.0,5.0,
篠原和政,2021-02,長野GaRons,17,10,19,2,7,0,0,0,,,0,0,0,0,11,0,3,2,0,0,0,0,,0.0,0.0,-2.3,
米村尊,2020-10,ヴィアティン三重,6,1,9,0,2,0,0,0,,,0,0,0,0,0,0,0,0,3,3,0,0,,0.0,0.0,,100.0
米村尊,2020-11,ヴィアティン三重,6,7,4,2,7,0,0,0,,,0,0,0,0,7,0,2,0,0,0,0,0,,0.0,0.0,-7.1,
米村尊,2020-12,ヴィアティン三重,6,3,6,0,7,0,0,0,,,0,0,0,0,11,0,1,1,0,0,0,0,,0.0,0.0,0.0,
米村尊,2021-01,ヴィアティン三重,6,4,3,1,0,0,0,0,,,0,0,0,0,0,0,0,0,0,0,0,0,,,,,
米村尊,2021-02,ヴィアティン三重,6,2,9,0,3,0,0,0,,,0,0,0,0,4,0,0,0,0,0,0,0,,0.0,0.0,0.0,
米澤寛武,2020-11,富士通カワサキレッドスピリッツ,16,12,0,4,0,0,0,0,,,0,0,0,0,0,0,0,0,0,0,0,0,,,,,
繁田康平,2020-11,きんでんトリニティーブリッツ,8,2,6,0,0,0,0,0,,,0,0,0,0,0,0,0,0,0,0,0,0,,,,,
與崎風人,2020-11,東京ヴェルディ,1,9,10,3,6,28,10,3,35.7,25.0,1,1,0,2,14,0,0,3,14,5,6,12,100.0,1.67,0.33,5.4,57.1
與崎風人,2020-12,東京ヴェルディ,1,10,6,3,3,11,5,1,45.5,36.4,0,0,0,0,7,0,1,1,12,9,1,5,,1.67,0.0,0.0,79.2
與崎風人,2021-01,東京ヴェルディ,1,0,6,0,4,17,5,2,29.4,17.6,1,0,1,1,8,0,2,3,12,5,4,6,0.0,1.25,0.25,3.1,58.3
舩倉拓登,2020-11,大同特殊鋼レッドスター,17,7,6,2,0,0,0,0,,,0,0,0,0,0,0,0,0,0,0,0,0,,,,,
舩倉拓登,2020-12,大同特殊鋼レッドスター,17,9,6,3,8,0,0,0,,,0,0,0,0,8,0,0,3,0,0,0,0,,0.0,0.0,9.4,
舩倉拓登,2021-01,大同特殊鋼レッドスター,17,1,3,0,2,0,0,0,,,0,0,0,0,3,0,0,0,0,0,0,0,,0.0,0.0,0.0,
舩倉拓登,2021-02,大同特殊鋼レッドスター,17,11,8,3,8,1,1,0,100.0,100.0,0,0,0,0,16,0,2,5,0,0,0,1,,0.12,0.0,4.7,
茂木祐太,2020-10,埼玉アザレア,17,3,1,1,4,26,13,1,50.0,46.2,0,0,0,0,9,0,1,0,19,12,2,13,,3.25,0.0,-2.8,68.4
茂木祐太,2020-11,埼玉アザレア,17,1,6,0,5,30,7,3,23.3,13.3,0,0,0,1,9,0,0,3,26,8,8,8,,1.4,0.2,8.3,46.2
茂木祐太,2020-12,埼玉アザレア,17,10,4,3,4,23,9,3,39.1,26.1,8,2,2,3,15,0,0,2,0,0,0,12,25.0,2.25,0.75,3.3,
茂木祐太,2021-01,埼玉アザレア,17,3,0,1,1,7,4,0,57.1,57.1,1,1,0,0,5,0,0,3,1,1,0,4,100.0,4.0,0.0,15.0,100.0
茂木祐太,2021-02,埼玉アザレア,17,6,2,2,3,22,5,5,22.7,0.0,5,0,1,1,7,0,0,2,0,0,0,6,0.0,1.67,0.33,7.1,
茂木祐太,2021-03,埼玉アザレア,17,3,3,1,3,39,13,2,33.3,28.2,10,3,1,1,12,0,0,1,0,0,0,14,30.0,4.33,0.33,2.1,
茶屋道康輔,2020-10,ヴィアティン三重,15,1,9,0,10,26,13,1,50.0,46.2,0,0,0,4,37,2,3,9,0,0,0,19,,1.3,0.4,9.5,
茶屋道康輔,2020-11,ヴィアティン三重,15,7,4,2,11,32,21,1,65.6,62.5,0,0,0,8,49,1,4,12,1,0,1,30,,1.91,0.73,6.1,50.0
茶屋道康輔,2020-12,ヴィアティン三重,15,3,6,0,9,33,17,1,51.5,48.5,0,0,0,3,33,3,2,1,2,1,0,23,,1.89,0.33,8.3,50.0
落合一輝,2020-10,ヴィアティン三重,1,1,9,0,9,0,0,0,,,0,0,0,0,14,0,3,1,0,0,0,0,,0.0,0.0,-3.6,
落合一輝,2020-11,ヴィアティン三重,1,7,4,2,9,32,14,2,43.8,37.5,0,0,0,0,29,1,7,7,74,37,20,15,,1.56,0.0,3.4,63.5
蔵田大輝,2020-11,東京ヴェルディ,20,9,10,3,11,77,27,11,35.1,20.8,23,8,6,1,27,1,10,7,0,0,0,29,34.8,2.45,0.09,0.9,
蔵田大輝,2020-12,東京ヴェルディ,20,10,6,3,10,49,24,5,49.0,38.8,12,4,4,1,29,0,10,4,0,0,0,25,33.3,2.4,0.1,-5.2,
蔵田大輝,2021-01,東京ヴェルディ,20,0,6,0,1,4,0,0,0.0,0.0,2,0,0,0,2,0,1,0,0,0,0,0,0.0,0.0,0.0,-12.5,
藤原郷介,2020-11,兵庫デルフィーノ,15,4,5,1,4,5,1,2,20.0,-20.0,1,0,0,0,3,0,2,0,1,0,0,1,0.0,0.25,0.0,-16.7,0.0
藤原郷介,2020-12,兵庫デルフィーノ,15,2,3,0,5,12,4,3,33.3,8.3,8,1,3,1,7,0,1,2,0,0,0,5,12.5,0.8,0.2,3.6,
藤原郷介,2021-01,兵庫デルフィーノ,15,0,3,0,1,1,0,0,0.0,0.0,0,0,0,0,0,0,0,0,0,0,0,0,,0.0,0.0,,
藤原郷介,2021-02,兵庫デルフィーノ,15,2,6,0,4,4,1,1,25.0,0.0,1,0,0,0,1,0,1,0,0,0,0,1,0.0,0.25,0.0,-25.0,
藤村昇太,2020-10,ヴォレアス北海道,11,6,1,2,1,0,0,0,,,0,0,0,0,0,0,0,0,0,0,0,0,,0.0,0.0,,
藤村昇太,2020-11,ヴォレアス北海道,11,12,3,4,4,0,0,0,,,0,0,0,0,0,0,0,0,0,0,0,0,,0.0,0.0,,
藤村昇太,2020-12,ヴォレアス北海道,11,3,1,1,0,0,0,0,,,0,0,0,0,0,0,0,0,0,0,0,0,,,,,
藤村昇太,2021-02,ヴォレアス北海道,11,6,0,2,1,0,0,0,,,0,0,0,0,0,0,0,0,1,0,0,0,,0.0,0.0,,0.0
藤村稜,2021-02,サフィルヴァ北海道,18,3,7,1,10,0,0,0,,,0,0,0,0,0,0,0,0,45,15,15,0,,0.0,0.0,,50.0
藤村稜,2021-03,サフィルヴァ北海道,18,1,6,0,7,0,0,0,,,0,0,0,0,0,0,0,0,0,0,0,0,,0.0,0.0,,
西澤岳,2020-10,兵庫デルフィーノ,1,0,3,0,3,19,6,6,31.6,0.0,7,3,3,0,7,0,4,0,0,0,0,6,42.9,2.0,0.0,-14.3,
西澤岳,2020-11,兵庫デルフィーノ,1,4,14,1,17,114,46,25,40.4,18.4,49,15,16,9,56,2,12,15,1,0,0,57,30.6,2.71,0.53,4.9,0.0
西澤岳,2020-12,兵庫デルフィーノ,1,3,12,0,14,101,43,13,42.6,29.7,31,13,5,4,38,0,8,2,3,2,1,47,41.9,3.07,0.29,-3.9,83.3
西澤岳,2021-01,兵庫デルフィーノ,1,0,6,0,6,35,17,6,48.6,31.4,12,5,3,0,19,4,4,5,1,1,0,21,41.7,2.83,0.0,22.4,100.0
西澤岳,2021-02,兵庫デルフィーノ,1,2,21,0,23,101,37,20,36.6,16.8,16,4,6,7,52,3,17,9,1,0,1,47,25.0,1.61,0.3,1.9,50.0
角大樹,2020-10,富士通カワサキレッドスピリッツ,17,3,0,1,1,7,3,1,42.9,28.6,2,1,0,0,4,1,0,4,6,4,0,4,50.0,3.0,0.0,50.0,66.7
角大樹,2020-11,富士通カワサキレッドスピリッツ,17,18,2,6,3,24,8,2,33.3,25.0,3,1,1,1,9,1,3,5,33,16,9,10,33.3,2.67,0.33,16.7,62.1
角大樹,2020-12,富士通カワサキレッドスピリッツ,17,6,0,2,2,1,0,0,0.0,0.0,0,0,0,0,1,0,0,0,3,3,0,0,,0.0,0.0,0.0,100.0
角大樹,2021-01,富士通カワサキレッドスピリッツ,17,9,2,3,5,8,1,0,12.5,12.5,0,0,0,0,10,1,1,2,14,7,3,2,,0.2,0.0,12.5,60.7
角大樹,2021-02,富士通カワサキレッドスピリッツ,17,15,0,5,3,8,2,1,25.0,12.5,1,0,0,0,8,0,2,3,8,4,3,2,0.0,0.67,0.0,3.1,68.8
角大樹,2021-03,富士通カワサキレッドスピリッツ,17,6,1,2,1,0,0,0,,,0,0,0,0,1,0,1,0,0,0,0,0,,0.0,0.0,-25.0,
諏訪晃大,2020-10,ヴィアティン三重,39,1,9,0,5,47,19,4,40.4,31.9,15,7,1,0,15,0,1,6,0,0,0,19,46.7,3.8,0.0,8.3,
諏訪晃大,2020-11,ヴィアティン三重,39,7,4,2,4,34,12,3,35.3,26.5,9,3,0,0,7,1,1,2,0,0,0,13,33.3,3.0,0.0,17.9,
谷川結人,2020-10,きんでんトリニティーブリッツ,14,1,3,0,4,32,9,5,28.1,12.5,6,3,0,0,13,2,5,4,8,5,1,11,50.0,2.25,0.0,13.5,68.8
谷川結人,2020-11,きんでんトリニティーブリッツ,14,2,12,0,14,111,50,11,45.0,35.1,33,17,5,6,45,4,14,15,38,10,5,60,51.5,3.57,0.43,9.4,32.9
谷川結人,2020-12,きんでんトリニティーブリッツ,14,3,4,1,7,50,18,4,36.0,28.0,20,7,1,1,24,2,8,6,16,8,4,21,35.0,2.57,0.14,6.2,62.5
谷平拓海,2020-12,富士通カワサキレッドスピリッツ,14,3,0,1,2,0,0,0,,,0,0,0,0,2,0,1,0,1,1,0,0,,0.0,0.0,-12.5,100.0
谷平拓海,2021-01,富士通カワサキレッドスピリッツ,14,9,2,3,7,31,11,4,35.5,22.6,2,0,0,0,20,1,3,8,27,16,4,12,0.0,1.57,0.0,11.2,66.7
谷平拓海,2021-02,富士通カワサキレッドスピリッツ,14,15,0,5,11,48,27,5,56.2,45.8,4,1,1,4,26,1,9,8,63,31,23,32,25.0,2.45,0.36,2.9,67.5
谷平拓海,2021-03,富士通カワサキレッドスピリッツ,14,6,1,2,3,23,13,1,56.5,52.2,2,1,0,1,13,0,5,6,28,11,6,14,50.0,4.33,0.33,1.9,50.0
谷越陽介,2021-02,サフィルヴァ北海道,23,6,1,2,4,1,1,0,100.0,100.0,0,0,0,2,18,1,2,6,1,0,0,4,,0.25,0.5,11.1,0.0
谷越陽介,2021-03,サフィルヴァ北海道,23,1,6,0,7,2,1,0,50.0,50.0,0,0,0,4,26,0,2,4,0,0,0,5,,0.14,0.57,1.9,
越川優,2020-10,ヴォレアス北海道,0,6,1,2,4,18,8,0,44.4,44.4,1,0,0,2,11,0,2,2,22,10,5,10,0.0,2.0,0.5,0.0,56.8
越川優,2020-11,ヴォレアス北海道,0,18,4,6,12,59,26,1,44.1,42.4,5,3,0,3,49,5,12,13,62,32,18,34,60.0,2.17,0.25,10.7,66.1
越川優,2020-12,ヴォレアス北海道,0,6,1,2,3,17,8,3,47.1,29.4,3,0,1,2,12,1,2,3,14,9,2,11,0.0,2.67,0.67,10.4,71.4
越川優,2021-02,ヴォレアス北海道,0,9,3,3,8,30,17,4,56.7,43.3,4,1,1,3,39,6,7,10,45,19,8,26,25.0,2.12,0.38,17.3,51.1
越川優,2021-03,ヴォレアス北海道,0,3,3,1,6,44,21,3,47.7,40.9,5,1,1,2,24,1,5,9,34,17,7,24,20.0,3.5,0.33,8.3,60.3
辰巳遼,2020-10,ヴォレアス北海道,17,6,1,2,4,3,2,0,66.7,66.7,0,0,0,1,21,0,1,0,0,0,0,3,,0.5,0.25,-1.2,
辰巳遼,2020-11,ヴォレアス北海道,17,15,4,5,9,1,0,0,0.0,0.0,0,0,0,4,41,0,5,10,0,0,0,4,,0.0,0.44,3.0,
辰巳遼,2020-12,ヴォレアス北海道,17,6,1,2,4,1,1,0,100.0,100.0,0,0,0,0,8,0,2,2,1,1,0,1,,0.25,0.0,0.0,100.0
逢沢亘,2020-10,兵庫デルフィーノ,3,0,3,0,3,3,2,1,66.7,33.3,0,0,0,1,8,1,2,4,1,0,1,4,,0.67,0.33,18.8,50.0
逢沢亘,2020-11,兵庫デルフィーノ,3,4,8,1,9,23,7,6,30.4,4.3,1,0,1,2,32,1,7,8,0,0,0,10,0.0,0.78,0.22,3.9,
逢沢亘,2020-12,兵庫デルフィーノ,3,3,12,0,15,49,19,6,38.8,26.5,0,0,0,5,41,1,8,10,4,1,1,25,,1.27,0.33,3.7,37.5
逢沢亘,2021-01,兵庫デルフィーノ,3,0,6,0,5,11,1,1,9.1,0.0,0,0,0,1,10,0,1,4,2,0,0,2,,0.2,0.2,7.5,0.0
逢沢亘,2021-02,兵庫デルフィーノ,3,2,9,0,10,24,7,4,29.2,12.5,0,0,0,2,28,1,1,10,2,1,1,10,,0.7,0.2,11.6,75.0
那和朋紀,2020-12,兵庫デルフィーノ,20,2,6,0,8,26,13,0,50.0,50.0,0,0,0,4,22,0,2,5,1,1,0,17,,1.62,0.5,3.4,100.0
那和朋紀,2021-01,兵庫デルフィーノ,20,0,6,0,4,7,2,0,28.6,28.6,0,0,0,1,11,0,1,4,0,0,0,3,,0.5,0.25,6.8,
酒井駿,2020-10,長野GaRons,1,4,3,1,7,58,30,7,51.7,39.7,8,4,2,3,24,0,1,4,45,20,12,33,50.0,4.29,0.43,3.1,57.8
酒井駿,2020-11,長野GaRons,1,16,6,5,22,199,93,19,46.7,37.2,20,9,5,7,85,5,20,20,209,84,59,105,45.0,4.23,0.32,5.9,54.3
酒井駿,2020-12,長野GaRons,1,0,3,0,3,27,11,3,40.7,29.6,3,0,0,0,15,1,2,5,30,15,9,12,0.0,3.67,0.0,11.7,65.0
酒井駿,2021-01,長野GaRons,1,1,6,0,7,58,24,7,41.4,29.3,10,4,2,2,19,0,4,4,88,48,20,26,40.0,3.43,0.29,0.0,65.9
酒井駿,2021-02,長野GaRons,1,10,19,2,27,255,110,21,43.1,34.9,21,9,4,6,92,4,12,16,323,147,98,120,42.9,4.07,0.22,5.4,60.7
野垣昂大,2020-10,ヴィアティン三重,3,1,9,0,10,3,1,1,33.3,0.0,0,0,0,2,27,2,1,6,1,0,0,5,,0.1,0.2,12.0,0.0
野垣昂大,2020-11,ヴィアティン三重,3,7,4,2,11,4,3,0,75.0,75.0,0,0,0,4,33,0,1,8,2,0,1,7,,0.27,0.36,5.3,25.0
野垣昂大,2020-12,ヴィアティン三重,3,3,6,0,8,5,2,0,40.0,40.0,0,0,0,1,24,0,1,1,2,0,0,3,,0.25,0.12,0.0,0.0
野垣昂大,2021-01,ヴィアティン三重,3,3,0,1,3,1,1,0,100.0,100.0,0,0,0,1,8,0,1,2,0,0,0,2,,0.33,0.33,3.1,
野垣昂大,2021-02,ヴィアティン三重,3,7,6,2,8,3,1,1,33.3,0.0,0,0,0,0,24,0,2,8,1,0,0,1,,0.12,0.0,6.2,0.0
鈴木匡教,2020-10,つくばユナイテッドSunGAIA,26,7,4,2,6,5,3,0,60.0,60.0,0,0,0,1,5,1,3,0,0,0,0,5,,0.5,0.17,5.0,
鈴木匡教,2020-11,つくばユナイテッドSunGAIA,26,3,7,1,0,0,0,0,,,0,0,0,0,0,0,0,0,0,0,0,0,,,,,
鎌田敏弥,2020-10,つくばユナイテッドSunGAIA,10,7,4,2,5,5,4,0,80.0,80.0,1,1,0,0,4,0,2,2,3,2,0,4,100.0,0.8,0.0,0.0,66.7
鎌田敏弥,2020-11,つくばユナイテッドSunGAIA,10,6,13,1,16,23,12,4,52.2,34.8,0,0,0,1,6,0,1,2,15,6,4,13,,0.75,0.06,4.2,53.3
鎌田敏弥,2020-12,つくばユナイテッドSunGAIA,10,0,3,0,3,1,0,0,0.0,0.0,0,0,0,0,0,0,0,0,0,0,0,0,,0.0,0.0,,
鎌田敏弥,2021-02,つくばユナイテッドSunGAIA,10,7,10,2,13,15,7,0,46.7,46.7,1,1,0,2,5,0,1,1,2,0,2,9,100.0,0.54,0.15,0.0,50.0
長屋梓,2020-11,サフィルヴァ北海道,26,4,6,1,7,0,0,0,,,0,0,0,0,11,1,1,3,0,0,0,1,,0.0,0.0,13.6,
長屋梓,2020-12,サフィルヴァ北海道,26,0,3,0,3,0,0,0,,,0,0,0,0,4,0,2,0,0,0,0,0,,0.0,0.0,-12.5,
長屋梓,2021-02,サフィルヴァ北海道,26,3,1,1,1,0,0,0,,,0,0,0,0,1,0,1,0,0,0,0,0,,0.0,0.0,-25.0,
長濱裕,2020-10,きんでんトリニティーブリッツ,3,1,3,0,4,0,0,0,,,0,0,0,0,0,0,0,0,20,6,9,0,,0.0,0.0,,52.5
長濱裕,2020-11,きんでんトリニティーブリッツ,3,4,18,0,20,0,0,0,,,0,0,0,0,0,0,0,0,109,51,38,0,,0.0,0.0,,64.2
長濱裕,2020-12,きんでんトリニティーブリッツ,3,3,4,1,7,0,0,0,,,0,0,0,0,0,0,0,0,41,21,10,0,,0.0,0.0,,63.4
長谷山拓,2020-10,富士通カワサキレッドスピリッツ,18,3,0,1,3,2,0,0,0.0,0.0,0,0,0,0,13,1,1,4,0,0,0,1,,0.0,0.0,13.5,
長谷山拓,2020-11,富士通カワサキレッドスピリッツ,18,21,2,7,22,7,5,0,71.4,71.4,0,0,0,9,77,1,5,19,2,0,0,15,,0.23,0.41,5.8,0.0
長谷山拓,2020-12,富士通カワサキレッドスピリッツ,18,6,0,2,6,0,0,0,,,0,0,0,2,23,1,1,7,1,0,1,3,,0.0,0.33,10.9,50.0
長谷山拓,2021-01,富士通カワサキレッドスピリッツ,18,9,2,3,11,5,0,2,0.0,-40.0,0,0,0,3,27,1,2,6,0,0,0,4,,0.0,0.27,7.4,
長谷山拓,2021-02,富士通カワサキレッドスピリッツ,18,15,0,5,13,5,3,0,60.0,60.0,0,0,0,7,42,1,3,6,1,0,0,11,,0.23,0.54,4.2,0.0
長谷山拓,2021-03,富士通カワサキレッドスピリッツ,18,6,1,2,7,4,3,0,75.0,75.0,1,1,0,3,20,0,3,3,0,0,0,6,100.0,0.43,0.43,0.0,
長谷川優太,2020-11,大同特殊鋼レッドスター,9,7,6,2,13,2,1,0,50.0,50.0,0,0,0,0,38,2,8,5,0,0,0,3,,0.08,0.0,3.3,
長谷川優太,2020-12,大同特殊鋼レッドスター,9,9,6,3,15,2,1,0,50.0,50.0,0,0,0,3,52,3,8,12,1,0,0,7,,0.07,0.2,7.7,0.0
長谷川優太,2021-01,大同特殊鋼レッドスター,9,1,3,0,3,1,0,0,0.0,0.0,0,0,0,2,7,0,2,2,0,0,0,2,,0.0,0.67,0.0,
長谷川優太,2021-02,大同特殊鋼レッドスター,9,11,8,3,14,4,2,0,50.0,50.0,1,1,0,3,40,0,4,5,0,0,0,5,100.0,0.14,0.21,0.6,
長谷川博紀,2020-10,ヴィアティン三重,8,1,9,0,8,31,11,4,35.5,22.6,1,0,0,3,17,0,2,4,0,0,0,14,0.0,1.38,0.38,2.9,
長谷川博紀,2020-11,ヴィアティン三重,8,3,1,1,2,11,4,1,36.4,27.3,0,0,0,2,4,0,1,1,0,0,0,6,,2.0,1.0,0.0,
長谷川博紀,2020-12,ヴィアティン三重,8,3,6,0,7,34,15,1,44.1,41.2,0,0,0,0,20,0,2,2,0,0,0,15,,2.14,0.0,0.0,
長谷川博紀,2021-01,ヴィアティン三重,8,3,0,1,3,8,3,1,37.5,25.0,0,0,0,3,8,0,0,1,0,0,0,6,,1.0,1.0,3.1,
長谷川博紀,2021-02,ヴィアティン三重,8,7,6,2,10,29,11,1,37.9,34.5,0,0,0,4,24,1,2,2,0,0,0,16,,1.1,0.4,4.2,
関根俊哉,2020-10,ヴォレアス北海道,7,6,1,2,1,2,0,0,0.0,0.0,0,0,0,1,2,0,0,0,2,0,1,1,,0.0,1.0,0.0,25.0
関根俊哉,2020-11,ヴォレアス北海道,7,3,0,1,0,0,0,0,,,0,0,0,0,0,0,0,0,0,0,0,0,,,,,
関根俊哉,2021-02,ヴォレアス北海道,7,3,0,1,1,1,0,0,0.0,0.0,0,0,0,0,6,0,2,1,0,0,0,0,,0.0,0.0,-4.2,
関根俊哉,2021-03,ヴォレアス北海道,7,3,3,1,3,5,3,1,60.0,40.0,0,0,0,2,10,0,3,0,6,2,1,5,,1.0,0.67,-7.5,41.7
関谷拓巳,2020-10,つくばユナイテッドSunGAIA,22,7,4,2,11,0,0,0,,,0,0,0,0,0,0,0,0,48,21,7,0,,0.0,0.0,,51.0
関谷拓巳,2020-11,つくばユナイテッドSunGAIA,22,6,13,1,16,0,0,0,,,0,0,0,0,0,0,0,0,106,44,21,0,,0.0,0.0,,51.4
関谷拓巳,2020-12,つくばユナイテッドSunGAIA,22,0,3,0,0,0,0,0,,,0,0,0,0,0,0,0,0,0,0,0,0,,,,,
関谷拓巳,2021-01,つくばユナイテッドSunGAIA,22,9,1,3,1,0,0,0,,,0,0,0,0,0,0,0,0,4,1,2,0,,0.0,0.0,,50.0
関谷拓巳,2021-02,つくばユナイテッドSunGAIA,22,7,10,2,10,0,0,0,,,0,0,0,0,0,0,0,0,36,15,2,0,,0.0,0.0,,44.4
阿部航平,2020-10,つくばユナイテッドSunGAIA,4,7,4,2,11,29,12,0,41.4,41.4,0,0,0,14,44,1,5,9,2,2,0,27,,1.09,1.27,4.5,100.0
阿部航平,2020-11,つくばユナイテッドSunGAIA,4,6,13,1,19,59,26,2,44.1,40.7,0,0,0,12,60,2,4,13,0,0,0,40,,1.37,0.63,7.1,
阿部航平,2020-12,つくばユナイテッドSunGAIA,4,0,3,0,0,0,0,0,,,0,0,0,0,0,0,0,0,0,0,0,0,,,,,
阿部航平,2021-01,つくばユナイテッドSunGAIA,4,9,1,3,10,21,12,1,57.1,52.4,0,0,0,7,42,2,3,13,0,0,0,21,,1.2,0.7,10.7,
阿部航平,2021-02,つくばユナイテッドSunGAIA,4,7,10,2,15,47,19,1,40.4,38.3,1,0,0,14,47,2,1,6,1,0,0,35,0.0,1.27,0.93,6.9,0.0
阿部誠樹,2020-10,サフィルヴァ北海道,6,3,4,1,7,52,17,6,32.7,21.2,11,3,1,1,34,1,3,11,53,31,12,19,27.3,2.43,0.14,8.8,69.8
阿部誠樹,2020-11,サフィルヴァ北海道,6,5,12,1,17,102,38,7,37.3,30.4,7,1,2,3,68,4,25,22,102,34,25,45,14.3,2.24,0.18,4.8,45.6
阿部誠樹,2020-12,サフィルヴァ北海道,6,1,6,0,7,51,28,5,54.9,45.1,9,3,2,0,26,0,9,9,48,24,11,28,33.3,4.0,0.0,0.0,61.5
阿部誠樹,2021-02,サフィルヴァ北海道,6,6,7,2,12,73,34,3,46.6,42.5,7,4,1,2,43,2,13,9,73,33,24,38,57.1,2.83,0.17,2.3,61.6
阿部誠樹,2021-03,サフィルヴァ北海道,6,1,6,0,7,58,28,4,48.3,41.4,6,3,1,1,30,0,11,5,87,34,36,29,50.0,4.0,0.14,-5.0,59.8
青島賢司,2020-10,サフィルヴァ北海道,1,3,4,1,1,0,0,0,,,0,0,0,0,1,0,0,0,0,0,0,0,,0.0,0.0,0.0,
青島賢司,2020-11,サフィルヴァ北海道,1,0,6,0,3,0,0,0,,,0,0,0,0,6,0,0,0,0,0,0,0,,0.0,0.0,0.0,
青島賢司,2020-12,サフィルヴァ北海道,1,1,3,0,3,0,0,0,,,0,0,0,0,3,0,0,2,0,0,0,0,,0.0,0.0,16.7,
青島賢司,2021-02,サフィルヴァ北海道,1,3,1,1,2,0,0,0,,,0,0,0,0,0,0,0,0,0,0,0,0,,0.0,0.0,,
青島賢司,2021-03,サフィルヴァ北海道,1,1,6,0,2,0,0,0,,,0,0,0,0,3,0,0,1,0,0,0,0,,0.0,0.0,8.3,
高井大輝,2020-10,長野GaRons,14,4,3,1,6,0,0,0,,,0,0,0,0,26,0,1,5,0,0,0,0,,0.0,0.0,3.8,
高井大輝,2020-11,長野GaRons,14,16,6,5,18,2,0,0,0.0,0.0,0,0,0,0,35,1,3,13,0,0,0,1,,0.0,0.0,10.0,
高井大輝,2020-12,長野GaRons,14,0,3,0,3,0,0,0,,,0,0,0,0,7,0,1,3,1,0,0,0,,0.0,0.0,7.1,0.0
高井大輝,2021-01,長野GaRons,14,1,6,0,4,1,0,0,0.0,0.0,0,0,0,0,12,1,0,2,0,0,0,1,,0.0,0.0,12.5,
高井大輝,2021-02,長野GaRons,14,10,19,2,18,1,1,0,100.0,100.0,0,0,0,0,33,0,1,7,0,0,0,1,,0.06,0.0,4.5,
高杉優希,2021-01,東京ヴェルディ,21,0,6,0,5,4,2,0,50.0,50.0,0,0,0,0,18,0,2,4,0,0,0,2,,0.4,0.0,2.8,
高瀬太一,2020-10,長野GaRons,9,4,3,1,7,47,22,9,46.8,27.7,16,9,4,2,18,0,2,6,0,0,0,24,56.2,3.14,0.29,5.6,
高瀬太一,2020-11,長野GaRons,9,16,6,5,22,129,57,12,44.2,34.9,32,17,1,5,61,5,13,19,0,0,0,67,53.1,2.59,0.23,10.7,
高瀬太一,2020-12,長野GaRons,9,0,3,0,3,34,18,3,52.9,44.1,12,8,1,1,9,0,4,3,0,0,0,19,66.7,6.0,0.33,-2.8,
高瀬太一,2021-01,長野GaRons,9,1,6,0,7,44,14,9,31.8,11.4,10,1,3,1,17,0,8,6,0,0,0,15,10.0,2.0,0.14,-2.9,
高瀬太一,2021-02,長野GaRons,9,10,19,2,29,212,95,32,44.8,29.7,70,29,14,7,100,9,38,23,0,0,0,111,41.4,3.28,0.24,5.2,
鰐川怜児,2020-10,長野GaRons,2,4,3,1,7,20,9,1,45.0,40.0,0,0,0,4,21,0,8,3,1,0,1,13,,1.29,0.57,-6.0,50.0
鰐川怜児,2020-11,長野GaRons,2,16,6,5,22,48,28,4,58.3,50.0,0,0,0,16,64,9,21,11,2,1,1,53,,1.27,0.73,10.2,75.0
鰐川怜児,2020-12,長野GaRons,2,0,3,0,3,7,5,1,71.4,57.1,0,0,0,0,5,0,3,0,1,1,0,5,,1.67,0.0,-15.0,100.0
鰐川怜児,2021-01,長野GaRons,2,1,6,0,7,30,17,1,56.7,53.3,0,0,0,3,17,1,4,2,0,0,0,21,,2.43,0.43,2.9,
鰐川怜児,2021-02,長野GaRons,2,7,17,1,24,63,24,8,38.1,25.4,0,0,0,10,68,1,16,12,6,2,1,35,,1.0,0.42,0.0,41.7
鳥原大地,2021-01,ヴィアティン三重,22,1,3,0,4,29,7,3,24.1,13.8,2,0,0,0,13,1,0,0,38,19,11,8,0.0,1.75,0.0,7.7,64.5
鳥原大地,2021-02,ヴィアティン三重,22,1,3,0,4,36,16,4,44.4,33.3,1,0,1,1,15,0,0,2,38,23,8,17,0.0,4.0,0.25,3.3,71.1
黒木隆生,2020-11,きんでんトリニティーブリッツ,19,4,18,0,5,9,4,0,44.4,44.4,0,0,0,1,8,0,6,1,0,0,0,5,,0.8,0.2,-15.6,
黒木隆生,2020-12,きんでんトリニティーブリッツ,19,3,4,1,3,13,8,0,61.5,61.5,0,0,0,2,6,0,4,1,1,1,0,10,,2.67,0.67,-12.5,100.0
