名前,年月,チーム,背番号,出場数,アタック打数,アタック得点,アタック失点,アタック決定率,アタック効果率,バックアタック打数,バックアタック得点,バックアタック失点,ブロック得点,サーブ打数,サーブ得点,サーブ失点,サーブ効果,受数,サーブレシーブ成功・優,サーブレシーブ成功・良,バックアタック決定率,アタックセット平均,ブロックセット平均,サーブ効果率,サーブレシーブ成功率
アキンラデウォフォルケ,2020-10,久光スプリングス,16,10,52,25,3,48.1,42.3,1,0,0,5,32,1,3,10,0,0,0,0.0,2.5,0.5,8.6,
アキンラデウォフォルケ,2020-11,久光スプリングス,16,24,142,67,3,47.2,45.1,0,0,0,14,70,6,8,15,10,3,3,,2.79,0.58,11.1,45.0
アキンラデウォフォルケ,2020-12,久光スプリングス,16,7,33,17,2,51.5,45.5,0,0,0,7,24,2,4,4,2,1,0,,2.43,1.0,8.3,50.0
アキンラデウォフォルケ,2021-01,久光スプリングス,16,22,104,52,3,50.0,47.1,0,0,0,22,64,5,3,24,1,0,0,,2.36,1.0,16.0,0.0
アキンラデウォフォルケ,2021-02,久光スプリングス,16,9,55,31,1,56.4,54.5,0,0,0,10,25,1,1,8,0,0,0,,3.44,1.11,11.0,
アコスタロスランディ,2020-11,PFUブルーキャッツ,18,33,470,173,18,36.8,33.0,72,32,5,13,108,2,5,21,193,96,45,44.4,5.24,0.39,5.6,61.4
アコスタロスランディ,2020-12,PFUブルーキャッツ,18,6,93,34,4,36.6,32.3,18,5,1,0,18,1,2,3,36,13,13,27.8,5.67,0.0,6.9,54.2
アコスタロスランディ,2021-01,PFUブルーキャッツ,18,10,138,47,11,34.1,26.1,20,5,2,2,31,2,6,3,75,29,20,25.0,4.7,0.2,4.0,52.0
アコスタロスランディ,2021-02,PFUブルーキャッツ,18,4,42,18,3,42.9,35.7,6,2,0,0,13,1,4,1,13,8,3,33.3,4.5,0.0,1.9,73.1
オクム大庭冬美ハウィ,2020-10,日立リヴァーレ,17,12,162,64,10,39.5,33.3,30,11,2,3,33,0,1,11,0,0,0,36.7,5.33,0.25,7.6,
オクム大庭冬美ハウィ,2020-12,日立リヴァーレ,17,0,0,0,0,,,0,0,0,0,0,0,0,0,0,0,0,,,,,
オクム大庭冬美ハウィ,2021-01,日立リヴァーレ,17,12,156,56,12,35.9,28.2,17,5,1,2,37,2,3,4,0,0,0,29.4,4.67,0.17,6.1,
オクム大庭冬美ハウィ,2021-02,日立リヴァーレ,17,15,209,80,16,38.3,30.6,26,7,3,6,49,2,4,11,0,0,0,26.9,5.33,0.4,7.7,
オズソイネリマン,2020-10,NECレッドロケッツ,23,4,37,14,1,37.8,35.1,3,1,1,0,13,0,1,4,0,0,0,33.3,3.5,0.0,5.8,
オズソイネリマン,2020-11,NECレッドロケッツ,23,22,292,108,16,37.0,31.5,59,24,7,11,81,8,3,18,0,0,0,40.7,4.91,0.5,14.5,
オズソイネリマン,2020-12,NECレッドロケッツ,23,7,77,30,2,39.0,36.4,12,5,0,4,22,1,1,9,0,0,0,41.7,4.29,0.57,13.6,
オズソイネリマン,2021-01,NECレッドロケッツ,23,17,230,90,16,39.1,32.2,60,28,7,6,63,1,4,8,0,0,0,46.7,5.29,0.35,3.2,
オズソイネリマン,2021-02,NECレッドロケッツ,23,10,137,46,8,33.6,27.7,33,13,3,7,41,2,0,7,0,0,0,39.4,4.6,0.7,9.1,
クランヤナ,2020-10,東レアローズ,7,12,128,49,2,38.3,36.7,20,8,0,6,54,2,5,21,0,0,0,40.0,4.08,0.5,11.1,
クランヤナ,2020-11,東レアローズ,7,28,353,154,13,43.6,39.9,52,22,2,10,112,8,10,36,2,1,1,42.3,5.5,0.36,12.9,75.0
クランヤナ,2020-12,東レアローズ,7,7,94,40,2,42.6,40.4,10,5,0,3,25,3,4,5,0,0,0,50.0,5.71,0.43,13.0,
クランヤナ,2021-01,東レアローズ,7,17,215,84,13,39.1,33.0,34,20,2,9,60,6,7,14,1,0,1,58.8,4.94,0.53,12.9,50.0
クランヤナ,2021-02,東レアローズ,7,10,100,52,6,52.0,46.0,18,11,0,8,37,2,4,13,0,0,0,61.1,5.2,0.8,11.5,
グーパートポーンプン,2020-10,トヨタ車体クインシーズ,12,2,0,0,0,,,0,0,0,0,2,0,0,1,0,0,0,,0.0,0.0,12.5,
グーパートポーンプン,2020-11,トヨタ車体クインシーズ,12,14,7,6,0,85.7,85.7,1,1,0,0,16,0,0,4,0,0,0,100.0,0.43,0.0,6.2,
グーパートポーンプン,2020-12,トヨタ車体クインシーズ,12,4,1,1,0,100.0,100.0,0,0,0,1,16,0,2,1,0,0,0,,0.25,0.25,-1.6,
グーパートポーンプン,2021-01,トヨタ車体クインシーズ,12,12,7,4,0,57.1,57.1,0,0,0,2,59,1,2,10,1,0,0,,0.33,0.17,5.1,0.0
グーパートポーンプン,2021-02,トヨタ車体クインシーズ,12,4,2,0,0,0.0,0.0,0,0,0,0,5,0,1,1,1,0,0,,0.0,0.0,0.0,0.0
サンティアゴアライジャダフニ,2020-10,埼玉上尾メディックス,3,19,102,47,2,46.1,44.1,0,0,0,7,58,4,9,17,1,0,0,,2.47,0.37,10.3,0.0
サンティアゴアライジャダフニ,2020-11,埼玉上尾メディックス,3,21,91,38,6,41.8,35.2,0,0,0,6,55,3,7,13,6,1,2,,1.81,0.29,8.2,33.3
サンティアゴアライジャダフニ,2020-12,埼玉上尾メディックス,3,8,44,15,4,34.1,25.0,0,0,0,2,25,1,1,6,0,0,0,,1.88,0.25,9.0,
サンティアゴアライジャダフニ,2021-01,埼玉上尾メディックス,3,13,51,16,1,31.4,29.4,0,0,0,12,36,1,5,11,6,3,2,,1.23,0.92,6.9,66.7
サンティアゴアライジャダフニ,2021-02,埼玉上尾メディックス,3,9,47,24,0,51.1,51.1,0,0,0,5,22,0,4,8,1,0,0,,2.67,0.56,4.5,0.0
ジャラットハタイラット,2020-11,PFUブルーキャッツ,4,1,2,0,0,0.0,0.0,0,0,0,0,4,0,0,1,0,0,0,,0.0,0.0,6.2,
ジャラットハタイラット,2020-12,PFUブルーキャッツ,4,3,0,0,0,,,0,0,0,2,6,0,1,1,0,0,0,,0.0,0.67,0.0,
ジャラットハタイラット,2021-01,PFUブルーキャッツ,4,2,2,1,0,50.0,50.0,0,0,0,0,4,0,0,2,0,0,0,,0.5,0.0,12.5,
ジャラットハタイラット,2021-02,PFUブルーキャッツ,4,0,0,0,0,,,0,0,0,0,0,0,0,0,0,0,0,,,,,
ジョセフシャイナ,2020-10,埼玉上尾メディックス,15,13,109,37,4,33.9,30.3,35,14,1,0,29,1,2,7,0,0,0,40.0,2.85,0.0,7.8,
ジョセフシャイナ,2020-11,埼玉上尾メディックス,15,20,192,59,7,30.7,27.1,55,14,4,5,60,1,7,18,1,0,0,25.5,2.95,0.25,6.2,0.0
ジョセフシャイナ,2020-12,埼玉上尾メディックス,15,8,131,58,5,44.3,40.5,44,17,4,1,20,1,3,2,0,0,0,38.6,7.25,0.12,3.8,
ジョセフシャイナ,2021-01,埼玉上尾メディックス,15,13,133,36,7,27.1,21.8,43,9,5,6,49,1,4,18,0,0,0,20.9,2.77,0.46,9.2,
ジョセフシャイナ,2021-02,埼玉上尾メディックス,15,11,101,38,4,37.6,33.7,26,7,2,4,35,1,2,7,0,0,0,26.9,3.45,0.36,6.4,
ソロカイテインドレ,2020-10,トヨタ車体クインシーズ,13,11,131,40,11,30.5,22.1,41,11,4,3,32,0,4,5,0,0,0,26.8,3.64,0.27,0.8,
ソロカイテインドレ,2020-11,トヨタ車体クインシーズ,13,29,342,120,31,35.1,26.0,97,28,11,10,107,9,20,16,0,0,0,28.9,4.14,0.34,7.5,
ソロカイテインドレ,2020-12,トヨタ車体クインシーズ,13,6,73,25,8,34.2,23.3,19,3,2,3,19,0,3,2,0,0,0,15.8,4.17,0.5,-1.3,
ソロカイテインドレ,2021-01,トヨタ車体クインシーズ,13,17,230,71,22,30.9,21.3,40,14,5,7,49,1,13,15,0,0,0,35.0,4.18,0.41,3.1,
ソロカイテインドレ,2021-02,トヨタ車体クインシーズ,13,8,95,35,3,36.8,33.7,24,8,2,1,21,0,7,6,1,0,0,33.3,4.38,0.12,-1.2,0.0
タップハンナ,2020-10,日立リヴァーレ,5,16,92,42,4,45.7,41.3,0,0,0,13,51,2,7,16,2,1,1,,2.62,0.81,8.3,75.0
タップハンナ,2020-11,日立リヴァーレ,5,28,150,67,8,44.7,39.3,0,0,0,11,67,3,7,19,5,2,1,,2.39,0.39,9.0,50.0
タップハンナ,2020-12,日立リヴァーレ,5,7,39,16,4,41.0,30.8,0,0,0,9,16,0,2,3,0,0,0,,2.29,1.29,1.6,
タップハンナ,2021-01,日立リヴァーレ,5,15,93,48,3,51.6,48.4,0,0,0,17,36,1,0,9,0,0,0,,3.2,1.13,9.0,
タップハンナ,2021-02,日立リヴァーレ,5,13,52,23,2,44.2,40.4,0,0,0,7,31,2,2,10,0,0,0,,1.77,0.54,12.9,
ドルーズアンドレア,2020-10,JTマーヴェラス,10,13,155,75,8,48.4,43.2,39,16,6,1,28,3,5,11,0,0,0,41.0,5.77,0.08,16.1,
ドルーズアンドレア,2020-11,JTマーヴェラス,10,26,242,118,13,48.8,43.4,57,28,6,9,71,2,12,24,0,0,0,49.1,4.54,0.35,7.0,
ドルーズアンドレア,2020-12,JTマーヴェラス,10,6,83,44,2,53.0,50.6,26,14,0,0,19,1,1,6,0,0,0,53.8,7.33,0.0,11.8,
ドルーズアンドレア,2021-01,JTマーヴェラス,10,13,161,84,5,52.2,49.1,51,27,1,3,35,2,7,15,1,0,1,52.9,6.46,0.23,11.4,50.0
ドルーズアンドレア,2021-02,JTマーヴェラス,10,14,154,76,8,49.4,44.2,57,29,5,6,46,6,11,21,0,0,0,50.9,5.43,0.43,18.5,
ヌクジャンタットダオ,2021-01,JTマーヴェラス,7,4,14,6,0,42.9,42.9,0,0,0,3,21,0,1,6,0,0,0,,1.5,0.75,6.0,
ヌクジャンタットダオ,2021-02,JTマーヴェラス,7,14,51,24,4,47.1,39.2,0,0,0,13,48,1,3,15,0,0,0,,1.71,0.93,8.3,
ヒックマンジャスティス,2020-10,JTマーヴェラス,14,5,36,13,1,36.1,33.3,3,2,0,2,22,1,0,3,21,11,7,66.7,2.6,0.4,8.0,69.0
ヒックマンジャスティス,2020-11,JTマーヴェラス,14,3,1,0,0,0.0,0.0,0,0,0,0,2,0,0,0,3,1,1,,0.0,0.0,0.0,50.0
ヒックマンジャスティス,2020-12,JTマーヴェラス,14,0,0,0,0,,,0,0,0,0,0,0,0,0,0,0,0,,,,,
ヒックマンジャスティス,2021-01,JTマーヴェラス,14,8,39,18,2,46.2,41.0,5,3,0,1,24,2,1,7,55,26,14,60.0,2.25,0.12,14.6,60.0
ヒックマンジャスティス,2021-02,JTマーヴェラス,14,4,3,0,1,0.0,-33.3,0,0,0,0,6,0,1,2,4,3,1,,0.0,0.0,4.2,87.5
プラマーキャサリン,2020-10,デンソーエアリービーズ,22,9,91,40,6,44.0,37.4,18,6,3,5,20,0,4,5,16,4,3,33.3,4.44,0.56,1.2,34.4
プラマーキャサリン,2020-11,デンソーエアリービーズ,22,21,170,73,10,42.9,37.1,26,13,4,10,49,7,3,14,25,12,4,50.0,3.48,0.48,19.9,56.0
プラマーキャサリン,2020-12,デンソーエアリービーズ,22,6,78,35,6,44.9,37.2,11,6,1,4,16,1,2,4,11,6,2,54.5,5.83,0.67,9.4,63.6
プラマーキャサリン,2021-01,デンソーエアリービーズ,22,7,118,52,5,44.1,39.8,30,15,2,5,19,0,3,3,8,2,2,50.0,7.43,0.71,0.0,37.5
プラマーキャサリン,2021-02,デンソーエアリービーズ,22,19,221,102,16,46.2,38.9,38,20,8,5,61,3,10,27,42,11,11,52.6,5.37,0.26,11.9,39.3
マルティニュークアリョーナ,2020-11,ヴィクトリーナ姫路,20,10,89,34,4,38.2,33.7,13,8,0,1,19,0,3,5,0,0,0,61.5,3.4,0.1,2.6,
マルティニュークアリョーナ,2020-12,ヴィクトリーナ姫路,20,2,6,1,0,16.7,16.7,1,0,0,0,1,0,0,0,0,0,0,0.0,0.5,0.0,0.0,
マルティニュークアリョーナ,2021-01,ヴィクトリーナ姫路,20,9,89,24,6,27.0,20.2,18,3,1,4,17,0,1,3,0,0,0,16.7,2.67,0.44,2.9,
マルティニュークアリョーナ,2021-02,ヴィクトリーナ姫路,20,5,8,4,0,50.0,50.0,0,0,0,1,0,0,0,0,0,0,0,,0.8,0.2,,
リーシモーン,2020-10,KUROBEアクアフェアリーズ,10,14,167,44,15,26.3,17.4,42,10,8,6,36,2,6,14,4,0,1,23.8,3.14,0.43,11.1,12.5
リーシモーン,2020-11,KUROBEアクアフェアリーズ,10,24,328,124,20,37.8,31.7,86,36,7,7,69,5,4,26,3,0,1,41.9,5.17,0.29,15.2,16.7
リーシモーン,2020-12,KUROBEアクアフェアリーズ,10,8,110,40,7,36.4,30.0,24,8,3,6,21,2,2,5,0,0,0,33.3,5.0,0.75,13.1,
リーシモーン,2021-01,KUROBEアクアフェアリーズ,10,19,240,77,21,32.1,23.3,46,15,4,5,40,1,5,7,2,1,1,32.6,4.05,0.26,3.8,75.0
リーシモーン,2021-02,KUROBEアクアフェアリーズ,10,7,83,30,7,36.1,27.7,17,7,0,6,19,0,1,8,0,0,0,41.2,4.29,0.86,9.2,
上坂瑠子,2020-10,日立リヴァーレ,1,11,89,27,7,30.3,22.5,0,0,0,1,45,1,2,17,50,24,4,,2.45,0.09,10.6,52.0
上坂瑠子,2020-11,日立リヴァーレ,1,28,330,99,23,30.0,23.0,27,3,2,4,119,5,3,40,238,105,61,11.1,3.54,0.14,12.0,56.9
上坂瑠子,2020-12,日立リヴァーレ,1,7,91,23,10,25.3,14.3,3,1,1,2,27,3,1,6,42,17,16,33.3,3.29,0.29,15.7,59.5
上坂瑠子,2021-01,日立リヴァーレ,1,15,207,58,9,28.0,23.7,11,1,0,7,52,0,2,14,110,51,29,9.1,3.87,0.47,5.8,59.5
上坂瑠子,2021-02,日立リヴァーレ,1,12,121,42,5,34.7,30.6,5,0,0,2,41,3,1,11,86,45,15,0.0,3.5,0.17,13.4,61.0
上野香織,2020-10,NECレッドロケッツ,6,3,14,7,1,50.0,42.9,0,0,0,0,10,0,0,3,0,0,0,,2.33,0.0,7.5,
上野香織,2020-11,NECレッドロケッツ,6,13,38,17,1,44.7,42.1,0,0,0,1,27,0,5,4,7,3,1,,1.31,0.08,-0.9,50.0
上野香織,2020-12,NECレッドロケッツ,6,4,17,9,0,52.9,52.9,0,0,0,1,17,0,3,2,3,3,0,,2.25,0.25,-1.5,100.0
上野香織,2021-01,NECレッドロケッツ,6,12,44,23,1,52.3,50.0,0,0,0,1,36,1,4,6,3,3,0,,1.92,0.08,4.2,100.0
上野香織,2021-02,NECレッドロケッツ,6,9,32,11,0,34.4,34.4,0,0,0,2,22,4,3,7,2,0,2,,1.22,0.22,22.7,50.0
中元南,2020-10,デンソーエアリービーズ,1,8,77,23,3,29.9,26.0,11,0,0,0,32,1,0,12,54,33,6,0.0,2.88,0.0,12.5,66.7
中元南,2020-11,デンソーエアリービーズ,1,28,299,84,14,28.1,23.4,22,4,2,1,99,0,5,20,215,107,54,18.2,3.0,0.04,3.8,62.3
中元南,2020-12,デンソーエアリービーズ,1,7,45,14,5,31.1,20.0,4,0,1,1,24,0,1,11,72,33,14,0.0,2.0,0.14,10.4,55.6
中元南,2021-01,デンソーエアリービーズ,1,6,25,4,1,16.0,12.0,3,0,0,0,10,0,3,5,18,10,2,0.0,0.67,0.0,5.0,61.1
中元南,2021-02,デンソーエアリービーズ,1,10,40,11,2,27.5,22.5,5,0,1,0,20,1,1,7,69,34,20,0.0,1.1,0.0,12.5,63.8
中屋夏澄,2020-10,トヨタ車体クインシーズ,16,0,0,0,0,,,0,0,0,0,0,0,0,0,0,0,0,,,,,
中屋夏澄,2020-11,トヨタ車体クインシーズ,16,0,0,0,0,,,0,0,0,0,0,0,0,0,0,0,0,,,,,
中屋夏澄,2021-01,トヨタ車体クインシーズ,16,0,0,0,0,,,0,0,0,0,0,0,0,0,0,0,0,,,,,
中屋夏澄,2021-02,トヨタ車体クインシーズ,16,0,0,0,0,,,0,0,0,0,0,0,0,0,0,0,0,,,,,
中島未来,2020-10,東レアローズ,6,6,0,0,0,,,0,0,0,0,0,0,0,0,13,7,5,,0.0,0.0,,73.1
中島未来,2020-11,東レアローズ,6,8,0,0,0,,,0,0,0,0,0,0,0,0,27,16,6,,0.0,0.0,,70.4
中島未来,2020-12,東レアローズ,6,4,0,0,0,,,0,0,0,0,0,0,0,0,12,3,4,,0.0,0.0,,41.7
中島未来,2021-01,東レアローズ,6,7,0,0,0,,,0,0,0,0,0,0,0,0,27,13,6,,0.0,0.0,,59.3
中島未来,2021-02,東レアローズ,6,4,0,0,0,,,0,0,0,0,0,0,0,0,11,4,5,,0.0,0.0,,59.1
中川美柚,2020-10,久光スプリングス,14,14,85,31,2,36.5,34.1,1,0,0,4,57,1,3,13,43,16,8,0.0,2.21,0.29,6.1,46.5
中川美柚,2020-11,久光スプリングス,14,17,101,31,8,30.7,22.8,4,0,0,5,56,0,1,9,93,36,29,0.0,1.82,0.29,3.6,54.3
中川美柚,2020-12,久光スプリングス,14,0,0,0,0,,,0,0,0,0,0,0,0,0,0,0,0,,,,,
中川美柚,2021-01,久光スプリングス,14,1,0,0,0,,,0,0,0,0,0,0,0,0,0,0,0,,0.0,0.0,,
中川美柚,2021-02,久光スプリングス,14,3,3,0,1,0.0,-33.3,0,0,0,1,12,2,0,3,4,0,1,,0.0,0.33,22.9,12.5
中本柚朱,2021-01,岡山シーガルズ,33,13,65,23,3,35.4,30.8,1,1,0,1,31,0,0,12,57,23,13,100.0,1.77,0.08,9.7,51.8
中本柚朱,2021-02,岡山シーガルズ,33,5,33,7,4,21.2,9.1,0,0,0,2,7,0,0,1,29,5,9,,1.4,0.4,3.6,32.8
中本葉月,2020-10,埼玉上尾メディックス,13,0,0,0,0,,,0,0,0,0,0,0,0,0,0,0,0,,,,,
中本葉月,2020-11,埼玉上尾メディックス,13,0,0,0,0,,,0,0,0,0,0,0,0,0,0,0,0,,,,,
中村安里,2020-11,日立リヴァーレ,11,1,0,0,0,,,0,0,0,0,0,0,0,0,0,0,0,,0.0,0.0,,
中村安里,2021-01,日立リヴァーレ,11,2,0,0,0,,,0,0,0,0,0,0,0,0,0,0,0,,0.0,0.0,,
中田紫乃,2020-10,東レアローズ,5,9,16,6,0,37.5,37.5,0,0,0,3,2,0,0,2,8,0,4,,0.67,0.33,25.0,25.0
中田紫乃,2020-11,東レアローズ,5,19,28,8,1,28.6,25.0,0,0,0,0,6,1,1,2,27,9,4,,0.42,0.0,20.8,40.7
中田紫乃,2020-12,東レアローズ,5,6,6,1,0,16.7,16.7,0,0,0,0,10,0,0,3,10,3,2,,0.17,0.0,7.5,40.0
中田紫乃,2021-01,東レアローズ,5,8,8,1,0,12.5,12.5,0,0,0,0,7,0,0,0,0,0,0,,0.12,0.0,0.0,
中田紫乃,2021-02,東レアローズ,5,7,15,5,0,33.3,33.3,0,0,0,1,9,0,0,4,19,4,9,,0.71,0.14,11.1,44.7
丸山亜季,2020-10,岡山シーガルズ,20,7,0,0,0,,,0,0,0,0,0,0,0,0,2,1,1,,0.0,0.0,,75.0
丸山亜季,2020-11,岡山シーガルズ,20,21,0,0,0,,,0,0,0,0,0,0,0,0,1,1,0,,0.0,0.0,,100.0
丸山亜季,2020-12,岡山シーガルズ,20,2,1,0,0,0.0,0.0,0,0,0,0,0,0,0,0,1,0,0,,0.0,0.0,,0.0
丸山亜季,2021-01,岡山シーガルズ,20,15,0,0,0,,,0,0,0,0,0,0,0,0,0,0,0,,0.0,0.0,,
丸山亜季,2021-02,岡山シーガルズ,20,10,0,0,0,,,0,0,0,0,0,0,0,0,3,1,1,,0.0,0.0,,50.0
丸山紗季,2020-10,KUROBEアクアフェアリーズ,1,13,0,0,0,,,0,0,0,0,19,0,1,6,11,4,4,,0.0,0.0,6.6,54.5
丸山紗季,2020-11,KUROBEアクアフェアリーズ,1,16,0,0,0,,,0,0,0,0,21,0,3,5,3,1,2,,0.0,0.0,2.4,66.7
丸山紗季,2020-12,KUROBEアクアフェアリーズ,1,5,0,0,0,,,0,0,0,0,8,0,2,2,0,0,0,,0.0,0.0,0.0,
丸山紗季,2021-01,KUROBEアクアフェアリーズ,1,7,1,0,0,0.0,0.0,0,0,0,0,9,0,1,3,1,0,1,,0.0,0.0,5.6,50.0
丸山紗季,2021-02,KUROBEアクアフェアリーズ,1,6,6,1,0,16.7,16.7,0,0,0,0,7,0,1,1,30,6,13,,0.17,0.0,0.0,41.7
井上奈々朱,2020-10,東レアローズ,1,9,20,9,1,45.0,40.0,0,0,0,7,32,1,5,12,3,1,1,,1.0,0.78,8.6,50.0
井上奈々朱,2020-11,東レアローズ,1,14,31,15,2,48.4,41.9,0,0,0,8,29,3,1,10,1,1,0,,1.07,0.57,18.1,100.0
井上奈々朱,2020-12,東レアローズ,1,4,10,4,1,40.0,30.0,0,0,0,2,11,0,0,4,0,0,0,,1.0,0.5,9.1,
井上奈々朱,2021-01,東レアローズ,1,11,24,14,1,58.3,54.2,0,0,0,8,37,2,6,7,0,0,0,,1.27,0.73,6.1,
井上奈々朱,2021-02,東レアローズ,1,7,16,5,3,31.2,12.5,0,0,0,6,19,0,2,10,0,0,0,,0.71,0.86,10.5,
井上愛里沙,2020-10,久光スプリングス,5,13,165,60,3,36.4,34.5,3,1,0,6,44,0,4,15,73,27,16,33.3,4.62,0.46,6.2,47.9
井上愛里沙,2020-11,久光スプリングス,5,19,195,68,9,34.9,30.3,16,4,0,5,55,4,4,13,46,12,13,25.0,3.58,0.26,11.4,40.2
井上愛里沙,2020-12,久光スプリングス,5,7,88,29,4,33.0,28.4,13,2,2,4,24,1,3,4,15,8,3,15.4,4.14,0.57,5.2,63.3
井上愛里沙,2021-01,久光スプリングス,5,19,162,56,7,34.6,30.2,13,3,1,12,75,2,5,19,28,15,6,23.1,2.95,0.63,7.3,64.3
井上愛里沙,2021-02,久光スプリングス,5,9,61,18,2,29.5,26.2,5,1,0,2,21,0,2,4,16,7,3,20.0,2.0,0.22,2.4,53.1
井上琴絵,2020-10,デンソーエアリービーズ,11,9,0,0,0,,,0,0,0,0,0,0,0,0,23,16,2,,0.0,0.0,,73.9
井上琴絵,2020-11,デンソーエアリービーズ,11,33,0,0,0,,,0,0,0,0,0,0,0,0,108,63,28,,0.0,0.0,,71.3
井上琴絵,2020-12,デンソーエアリービーズ,11,8,0,0,0,,,0,0,0,0,0,0,0,0,20,8,7,,0.0,0.0,,57.5
井上琴絵,2021-01,デンソーエアリービーズ,11,7,0,0,0,,,0,0,0,0,0,0,0,0,45,32,4,,0.0,0.0,,75.6
井上琴絵,2021-02,デンソーエアリービーズ,11,19,0,0,0,,,0,0,0,0,0,0,0,0,74,38,13,,0.0,0.0,,60.1
井上美咲,2020-10,久光スプリングス,2,16,5,2,0,40.0,40.0,0,0,0,8,52,1,3,13,0,0,0,,0.12,0.5,6.7,
井上美咲,2020-11,久光スプリングス,2,24,18,8,0,44.4,44.4,0,0,0,4,98,6,3,27,2,1,0,,0.33,0.17,12.2,50.0
井上美咲,2020-12,久光スプリングス,2,7,4,3,0,75.0,75.0,0,0,0,2,22,1,4,5,1,0,0,,0.43,0.29,5.7,0.0
井上美咲,2021-01,久光スプリングス,2,7,2,2,0,100.0,100.0,0,0,0,0,26,1,0,7,0,0,0,,0.29,0.0,10.6,
井上美咲,2021-02,久光スプリングス,2,9,6,3,0,50.0,50.0,1,1,0,0,25,0,4,8,0,0,0,100.0,0.33,0.0,4.0,
仁井田桃子,2020-11,埼玉上尾メディックス,19,0,0,0,0,,,0,0,0,0,0,0,0,0,0,0,0,,,,,
仁井田桃子,2020-12,埼玉上尾メディックス,19,0,0,0,0,,,0,0,0,0,0,0,0,0,0,0,0,,,,,
仁井田桃子,2021-01,埼玉上尾メディックス,19,0,0,0,0,,,0,0,0,0,0,0,0,0,0,0,0,,,,,
仁井田桃子,2021-02,埼玉上尾メディックス,19,0,0,0,0,,,0,0,0,0,0,0,0,0,0,0,0,,,,,
今村優香,2020-10,久光スプリングス,12,1,9,2,1,22.2,11.1,0,0,0,0,4,0,0,1,4,1,1,,2.0,0.0,6.2,37.5
今村優香,2020-11,久光スプリングス,12,0,0,0,0,,,0,0,0,0,0,0,0,0,0,0,0,,,,,
今村優香,2020-12,久光スプリングス,12,0,0,0,0,,,0,0,0,0,0,0,0,0,0,0,0,,,,,
今村優香,2021-01,久光スプリングス,12,15,169,50,15,29.6,20.7,5,1,0,6,56,3,6,17,94,40,23,20.0,3.33,0.4,10.3,54.8
今村優香,2021-02,久光スプリングス,12,0,0,0,0,,,0,0,0,0,0,0,0,0,0,0,0,,,,,
付欣田,2021-01,岡山シーガルズ,24,2,7,2,1,28.6,14.3,0,0,0,2,4,0,1,0,0,0,0,,1.0,1.0,-6.2,
伊藤望,2020-10,東レアローズ,3,0,0,0,0,,,0,0,0,0,0,0,0,0,0,0,0,,,,,
伊藤望,2020-11,東レアローズ,3,5,0,0,0,,,0,0,0,0,7,1,1,2,0,0,0,,0.0,0.0,17.9,
伊藤望,2020-12,東レアローズ,3,0,0,0,0,,,0,0,0,0,0,0,0,0,0,0,0,,,,,
佐々木千紘,2020-10,ヴィクトリーナ姫路,14,6,21,11,1,52.4,47.6,0,0,0,1,16,0,5,4,0,0,0,,1.83,0.17,-1.6,
佐々木千紘,2020-11,ヴィクトリーナ姫路,14,23,40,13,4,32.5,22.5,0,0,0,6,60,3,8,15,6,3,1,,0.57,0.26,7.9,58.3
佐々木千紘,2020-12,ヴィクトリーナ姫路,14,6,8,2,1,25.0,12.5,0,0,0,0,16,0,4,4,0,0,0,,0.33,0.0,0.0,
佐々木千紘,2021-01,ヴィクトリーナ姫路,14,21,109,55,5,50.5,45.9,0,0,0,7,82,8,4,23,2,0,0,,2.62,0.33,15.5,0.0
佐々木千紘,2021-02,ヴィクトリーナ姫路,14,8,36,17,2,47.2,41.7,1,0,0,3,36,1,1,13,1,1,0,0.0,2.12,0.38,11.1,100.0
佐々木海空,2020-10,埼玉上尾メディックス,16,0,0,0,0,,,0,0,0,0,0,0,0,0,0,0,0,,,,,
佐藤優花,2020-10,埼玉上尾メディックス,10,3,13,1,0,7.7,7.7,0,0,0,0,2,0,0,1,2,2,0,,0.33,0.0,12.5,100.0
佐藤優花,2020-11,埼玉上尾メディックス,10,4,14,6,1,42.9,35.7,0,0,0,0,3,0,0,0,6,1,4,,1.5,0.0,0.0,50.0
佐藤優花,2020-12,埼玉上尾メディックス,10,1,4,2,0,50.0,50.0,0,0,0,0,4,0,1,0,4,2,1,,2.0,0.0,-6.2,62.5
佐藤優花,2021-01,埼玉上尾メディックス,10,3,25,9,1,36.0,32.0,5,1,0,0,7,0,1,1,11,4,2,20.0,3.0,0.0,0.0,45.5
佐藤優花,2021-02,埼玉上尾メディックス,10,2,6,3,0,50.0,50.0,0,0,0,0,0,0,0,0,1,0,0,,1.5,0.0,,0.0
佐藤澪,2020-11,NECレッドロケッツ,18,0,0,0,0,,,0,0,0,0,0,0,0,0,0,0,0,,,,,
佐藤澪,2021-02,NECレッドロケッツ,18,0,0,0,0,,,0,0,0,0,0,0,0,0,0,0,0,,,,,
佐藤美弥,2020-10,日立リヴァーレ,8,4,0,0,0,,,0,0,0,1,4,0,0,2,0,0,0,,0.0,0.25,12.5,
入澤まい,2020-10,日立リヴァーレ,14,16,55,23,6,41.8,30.9,0,0,0,7,39,1,5,17,1,0,0,,1.44,0.44,10.3,0.0
入澤まい,2020-11,日立リヴァーレ,14,21,63,20,8,31.7,19.0,0,0,0,9,60,4,9,16,3,0,1,,0.95,0.43,9.6,16.7
入澤まい,2020-12,日立リヴァーレ,14,6,16,4,0,25.0,25.0,0,0,0,7,20,1,1,6,3,1,1,,0.67,1.17,11.2,50.0
入澤まい,2021-01,日立リヴァーレ,14,13,44,17,4,38.6,29.5,0,0,0,9,50,6,6,24,6,0,3,,1.31,0.69,21.0,25.0
入澤まい,2021-02,日立リヴァーレ,14,14,51,21,2,41.2,37.3,0,0,0,9,43,2,11,12,3,2,0,,1.5,0.64,5.2,66.7
兵頭由希,2020-10,デンソーエアリービーズ,24,3,14,5,1,35.7,28.6,3,1,0,0,4,0,0,1,4,3,0,33.3,1.67,0.0,6.2,75.0
兵頭由希,2020-11,デンソーエアリービーズ,24,12,63,19,4,30.2,23.8,8,2,1,0,29,1,1,5,10,3,3,25.0,1.58,0.0,6.9,45.0
兵頭由希,2020-12,デンソーエアリービーズ,24,2,1,0,0,0.0,0.0,1,0,0,0,3,0,1,0,0,0,0,0.0,0.0,0.0,-8.3,
兵頭由希,2021-01,デンソーエアリービーズ,24,3,2,0,1,0.0,-50.0,2,0,1,0,3,0,1,0,1,0,0,0.0,0.0,0.0,-8.3,0.0
兵頭由希,2021-02,デンソーエアリービーズ,24,12,14,7,0,50.0,50.0,0,0,0,0,18,1,1,4,2,1,1,,0.58,0.0,9.7,75.0
内瀬戸真実,2020-10,埼玉上尾メディックス,9,19,192,68,8,35.4,31.2,12,3,1,8,70,2,3,17,132,64,29,25.0,3.58,0.42,7.9,59.5
内瀬戸真実,2020-11,埼玉上尾メディックス,9,21,220,85,9,38.6,34.5,4,1,0,8,64,1,6,15,146,74,36,25.0,4.05,0.38,5.1,63.0
内瀬戸真実,2020-12,埼玉上尾メディックス,9,8,72,22,2,30.6,27.8,2,0,0,3,24,0,2,3,55,32,12,0.0,2.75,0.38,1.0,69.1
内瀬戸真実,2021-01,埼玉上尾メディックス,9,13,117,50,4,42.7,39.3,8,4,1,2,46,1,5,15,80,34,24,50.0,3.85,0.15,7.6,57.5
内瀬戸真実,2021-02,埼玉上尾メディックス,9,11,138,52,6,37.7,33.3,6,2,0,4,46,3,5,7,50,25,10,33.3,4.73,0.36,7.6,60.0
前田明里,2020-12,岡山シーガルズ,23,2,5,2,0,40.0,40.0,0,0,0,0,1,0,0,1,10,2,1,,1.0,0.0,25.0,25.0
加藤光,2020-10,久光スプリングス,7,14,0,0,0,,,0,0,0,0,21,0,0,5,0,0,0,,0.0,0.0,6.0,
加藤光,2020-11,久光スプリングス,7,15,0,0,0,,,0,0,0,0,25,1,1,4,0,0,0,,0.0,0.0,7.0,
加藤光,2020-12,久光スプリングス,7,2,0,0,0,,,0,0,0,0,3,0,0,1,0,0,0,,0.0,0.0,8.3,
加藤光,2021-01,久光スプリングス,7,17,0,0,0,,,0,0,0,0,24,1,1,9,0,0,0,,0.0,0.0,12.5,
原幸歩,2021-01,トヨタ車体クインシーズ,4,9,98,36,4,36.7,32.7,4,2,0,9,31,1,2,8,77,16,22,50.0,4.0,1.0,8.1,35.1
及川真夢,2020-10,岡山シーガルズ,8,10,37,18,1,48.6,45.9,0,0,0,6,25,0,3,5,1,1,0,,1.8,0.6,2.0,100.0
及川真夢,2020-11,岡山シーガルズ,8,19,97,46,4,47.4,43.3,0,0,0,12,56,2,3,14,5,3,1,,2.42,0.63,8.5,70.0
及川真夢,2020-12,岡山シーガルズ,8,5,26,7,2,26.9,19.2,0,0,0,1,21,0,0,2,11,10,1,,1.4,0.2,2.4,95.5
及川真夢,2021-01,岡山シーガルズ,8,9,37,16,1,43.2,40.5,0,0,0,4,28,1,0,5,1,1,0,,1.78,0.44,8.0,100.0
及川真夢,2021-02,岡山シーガルズ,8,12,80,26,3,32.5,28.7,0,0,0,5,43,1,1,12,1,0,1,,2.17,0.42,8.7,50.0
古川あおいアン,2020-10,岡山シーガルズ,15,5,14,5,0,35.7,35.7,0,0,0,0,3,0,0,0,3,1,0,,1.0,0.0,0.0,33.3
古川あおいアン,2020-11,岡山シーガルズ,15,10,58,21,1,36.2,34.5,4,0,0,2,16,1,0,3,17,7,3,0.0,2.1,0.2,10.9,50.0
古川あおいアン,2020-12,岡山シーガルズ,15,7,63,24,4,38.1,31.7,4,2,0,1,10,0,0,0,14,5,1,50.0,3.43,0.14,0.0,39.3
古川あおいアン,2021-01,岡山シーガルズ,15,7,56,21,5,37.5,28.6,2,0,1,0,8,0,0,1,12,3,2,0.0,3.0,0.0,3.1,33.3
古川あおいアン,2021-02,岡山シーガルズ,15,5,57,14,5,24.6,15.8,0,0,0,1,5,0,0,2,12,4,2,,2.8,0.2,10.0,41.7
古谷ちなみ,2020-10,NECレッドロケッツ,11,3,23,11,3,47.8,34.8,7,3,1,0,6,0,0,2,0,0,0,42.9,3.67,0.0,8.3,
古谷ちなみ,2020-11,NECレッドロケッツ,11,4,35,5,2,14.3,8.6,4,2,1,0,12,2,1,4,0,0,0,50.0,1.25,0.0,22.9,
古谷ちなみ,2020-12,NECレッドロケッツ,11,3,21,6,1,28.6,23.8,1,0,0,1,11,0,3,0,31,7,15,0.0,2.0,0.33,-6.8,46.8
古谷ちなみ,2021-01,NECレッドロケッツ,11,0,0,0,0,,,0,0,0,0,0,0,0,0,0,0,0,,,,,
古谷ちなみ,2021-02,NECレッドロケッツ,11,0,0,0,0,,,0,0,0,0,0,0,0,0,0,0,0,,,,,
古賀紗理那,2020-10,NECレッドロケッツ,2,14,141,57,9,40.4,34.0,15,4,3,2,61,2,5,27,115,66,28,26.7,4.07,0.14,12.3,69.6
古賀紗理那,2020-11,NECレッドロケッツ,2,25,250,112,10,44.8,40.8,29,13,1,13,98,3,5,41,132,60,27,44.8,4.48,0.52,12.2,55.7
古賀紗理那,2020-12,NECレッドロケッツ,2,7,65,26,1,40.0,38.5,13,3,0,2,34,2,3,13,18,9,3,23.1,3.71,0.29,13.2,58.3
古賀紗理那,2021-01,NECレッドロケッツ,2,17,192,82,6,42.7,39.6,30,8,2,6,85,6,6,28,119,64,30,26.7,4.82,0.35,13.5,66.4
古賀紗理那,2021-02,NECレッドロケッツ,2,10,94,38,6,40.4,34.0,17,4,4,8,41,3,2,13,60,31,14,23.5,3.8,0.8,14.0,63.3
合屋咲希,2020-10,PFUブルーキャッツ,7,8,34,14,0,41.2,41.2,0,0,0,0,2,0,1,0,22,5,5,,1.75,0.0,-12.5,34.1
合屋咲希,2020-11,PFUブルーキャッツ,7,22,47,8,5,17.0,6.4,0,0,0,0,7,0,2,1,43,14,11,,0.36,0.0,-3.6,45.3
合屋咲希,2020-12,PFUブルーキャッツ,7,4,10,2,1,20.0,10.0,0,0,0,0,4,0,2,0,1,0,1,,0.5,0.0,-12.5,50.0
合屋咲希,2021-01,PFUブルーキャッツ,7,2,7,3,0,42.9,42.9,0,0,0,0,1,0,0,0,0,0,0,,1.5,0.0,0.0,
合屋咲希,2021-02,PFUブルーキャッツ,7,1,0,0,0,,,0,0,0,0,0,0,0,0,3,1,0,,0.0,0.0,,33.3
吉岡可奈,2020-10,ヴィクトリーナ姫路,9,1,0,0,0,,,0,0,0,0,0,0,0,0,0,0,0,,0.0,0.0,,
吉岡可奈,2020-11,ヴィクトリーナ姫路,9,1,4,0,0,0.0,0.0,0,0,0,0,2,0,1,0,0,0,0,,0.0,0.0,-12.5,
吉岡可奈,2020-12,ヴィクトリーナ姫路,9,0,0,0,0,,,0,0,0,0,0,0,0,0,0,0,0,,,,,
吉岡美晴,2020-10,岡山シーガルズ,4,14,169,56,6,33.1,29.6,0,0,0,3,41,0,2,7,98,52,17,,4.0,0.21,3.0,61.7
吉岡美晴,2020-11,岡山シーガルズ,4,26,297,81,11,27.3,23.6,0,0,0,3,78,1,1,13,224,106,46,,3.12,0.12,5.1,57.6
吉岡美晴,2020-12,岡山シーガルズ,4,5,41,18,1,43.9,41.5,0,0,0,1,13,0,1,1,28,17,4,,3.6,0.2,0.0,67.9
吉岡美晴,2021-01,岡山シーガルズ,4,16,182,55,9,30.2,25.3,0,0,0,0,48,2,5,8,85,36,18,,3.44,0.0,5.7,52.9
吉岡美晴,2021-02,岡山シーガルズ,4,8,80,25,5,31.2,25.0,0,0,0,0,16,1,1,2,53,18,10,,3.12,0.0,7.8,43.4
吉田あゆみ,2020-10,NECレッドロケッツ,15,0,0,0,0,,,0,0,0,0,0,0,0,0,0,0,0,,,,,
吉田あゆみ,2020-11,NECレッドロケッツ,15,3,13,7,1,53.8,46.2,0,0,0,0,9,0,0,1,24,6,5,,2.33,0.0,2.8,35.4
吉田あゆみ,2020-12,NECレッドロケッツ,15,2,8,4,0,50.0,50.0,0,0,0,0,2,0,0,0,15,3,3,,2.0,0.0,0.0,30.0
吉野優理,2020-10,埼玉上尾メディックス,8,19,195,60,13,30.8,24.1,10,3,1,2,71,5,4,23,170,65,40,30.0,3.16,0.11,13.7,50.0
吉野優理,2020-11,埼玉上尾メディックス,8,21,211,72,18,34.1,25.6,6,2,2,4,95,3,11,35,142,67,29,33.3,3.43,0.19,9.5,57.4
吉野優理,2020-12,埼玉上尾メディックス,8,8,78,25,3,32.1,28.2,2,1,0,0,42,1,4,11,63,46,6,50.0,3.12,0.0,6.5,77.8
吉野優理,2021-01,埼玉上尾メディックス,8,13,116,47,4,40.5,37.1,4,4,0,1,45,2,6,14,82,30,19,100.0,3.62,0.08,8.9,48.2
吉野優理,2021-02,埼玉上尾メディックス,8,11,104,41,6,39.4,33.7,8,2,2,2,44,2,4,18,75,29,23,25.0,3.73,0.18,12.5,54.0
和才奈々美,2020-10,PFUブルーキャッツ,33,4,14,2,1,14.3,7.1,1,0,0,0,7,0,2,1,21,12,3,0.0,0.5,0.0,-3.6,64.3
和才奈々美,2020-11,PFUブルーキャッツ,33,26,0,0,0,,,0,0,0,0,0,0,0,0,82,27,22,,0.0,0.0,,46.3
和才奈々美,2020-12,PFUブルーキャッツ,33,6,0,0,0,,,0,0,0,0,0,0,0,0,26,13,8,,0.0,0.0,,65.4
和才奈々美,2021-01,PFUブルーキャッツ,33,7,0,0,0,,,0,0,0,0,0,0,0,0,43,16,16,,0.0,0.0,,55.8
和才奈々美,2021-02,PFUブルーキャッツ,33,1,0,0,0,,,0,0,0,0,0,0,0,0,0,0,0,,0.0,0.0,,
和田由紀子,2020-11,JTマーヴェラス,16,2,5,1,0,20.0,20.0,2,1,0,0,1,0,0,0,0,0,0,50.0,0.5,0.0,0.0,
和田由紀子,2020-12,JTマーヴェラス,16,0,0,0,0,,,0,0,0,0,0,0,0,0,0,0,0,,,,,
和田由紀子,2021-01,JTマーヴェラス,16,0,0,0,0,,,0,0,0,0,0,0,0,0,0,0,0,,,,,
和田由紀子,2021-02,JTマーヴェラス,16,0,0,0,0,,,0,0,0,0,0,0,0,0,0,0,0,,,,,
坂本侑,2020-10,東レアローズ,15,1,0,0,0,,,0,0,0,0,1,0,0,1,0,0,0,,0.0,0.0,25.0,
坂本侑,2020-11,東レアローズ,15,2,0,0,0,,,0,0,0,0,3,0,1,0,0,0,0,,0.0,0.0,-8.3,
坂本侑,2020-12,東レアローズ,15,0,0,0,0,,,0,0,0,0,0,0,0,0,0,0,0,,,,,
坂本侑,2021-01,東レアローズ,15,0,0,0,0,,,0,0,0,0,0,0,0,0,0,0,0,,,,,
坂本侑,2021-02,東レアローズ,15,0,0,0,0,,,0,0,0,0,0,0,0,0,0,0,0,,,,,
堀井有蘭,2020-10,日立リヴァーレ,3,0,0,0,0,,,0,0,0,0,0,0,0,0,0,0,0,,,,,
堀井有蘭,2020-11,日立リヴァーレ,3,11,32,11,0,34.4,34.4,0,0,0,6,35,0,2,2,2,2,0,,1.0,0.55,0.0,100.0
堀井有蘭,2020-12,日立リヴァーレ,3,0,0,0,0,,,0,0,0,0,0,0,0,0,0,0,0,,,,,
堀井有蘭,2021-01,日立リヴァーレ,3,5,2,0,0,0.0,0.0,0,0,0,0,2,0,0,0,11,7,2,,0.0,0.0,0.0,72.7
堀井有蘭,2021-02,日立リヴァーレ,3,4,0,0,0,,,0,0,0,0,1,0,1,0,4,0,1,,0.0,0.0,-25.0,12.5
堀口あやか,2020-10,PFUブルーキャッツ,11,7,60,18,0,30.0,30.0,5,0,0,0,24,1,6,4,45,18,10,0.0,2.57,0.0,2.1,51.1
堀口あやか,2020-11,PFUブルーキャッツ,11,28,218,64,9,29.4,25.2,16,3,0,4,79,5,14,28,36,14,13,18.8,2.29,0.14,10.8,56.9
堀口あやか,2020-12,PFUブルーキャッツ,11,6,37,7,1,18.9,16.2,1,0,0,0,15,0,5,3,0,0,0,0.0,1.17,0.0,-3.3,
堀口あやか,2021-01,PFUブルーキャッツ,11,6,45,12,1,26.7,24.4,4,0,1,0,17,1,4,4,21,8,5,0.0,2.0,0.0,5.9,50.0
堀口あやか,2021-02,PFUブルーキャッツ,11,3,24,11,0,45.8,45.8,0,0,0,0,11,1,0,5,11,5,2,,3.67,0.0,20.5,54.5
堀江美志,2020-10,埼玉上尾メディックス,4,16,75,20,4,26.7,21.3,11,1,0,0,39,4,3,15,20,6,5,9.1,1.25,0.0,17.9,42.5
堀江美志,2020-11,埼玉上尾メディックス,4,12,38,13,1,34.2,31.6,9,1,1,0,9,0,0,2,2,0,2,11.1,1.08,0.0,5.6,50.0
堀江美志,2020-12,埼玉上尾メディックス,4,2,6,2,0,33.3,33.3,0,0,0,0,3,0,1,0,0,0,0,,1.0,0.0,-8.3,
堀江美志,2021-01,埼玉上尾メディックス,4,2,4,2,0,50.0,50.0,0,0,0,0,0,0,0,0,0,0,0,,1.0,0.0,,
堀江美志,2021-02,埼玉上尾メディックス,4,1,5,0,0,0.0,0.0,0,0,0,0,6,1,0,2,0,0,0,,0.0,0.0,25.0,
堀込奈央,2020-10,ヴィクトリーナ姫路,7,12,0,0,0,,,0,0,0,0,12,0,0,4,0,0,0,,0.0,0.0,8.3,
堀込奈央,2020-11,ヴィクトリーナ姫路,7,22,0,0,0,,,0,0,0,0,34,0,2,2,0,0,0,,0.0,0.0,0.0,
堀込奈央,2020-12,ヴィクトリーナ姫路,7,6,0,0,0,,,0,0,0,0,10,0,0,0,0,0,0,,0.0,0.0,0.0,
堀込奈央,2021-01,ヴィクトリーナ姫路,7,17,0,0,0,,,0,0,0,0,19,1,0,6,1,0,0,,0.0,0.0,13.2,0.0
堀込奈央,2021-02,ヴィクトリーナ姫路,7,5,0,0,0,,,0,0,0,0,5,0,0,4,0,0,0,,0.0,0.0,20.0,
塚田しおり,2020-10,NECレッドロケッツ,3,13,2,0,0,0.0,0.0,0,0,0,0,30,1,3,4,0,0,0,,0.0,0.0,4.2,
塚田しおり,2020-11,NECレッドロケッツ,3,16,2,2,0,100.0,100.0,0,0,0,1,49,0,1,15,3,0,0,,0.12,0.06,7.1,0.0
塚田しおり,2020-12,NECレッドロケッツ,3,4,0,0,0,,,0,0,0,0,3,0,0,1,0,0,0,,0.0,0.0,8.3,
塚田しおり,2021-01,NECレッドロケッツ,3,6,0,0,0,,,0,0,0,0,0,0,0,0,0,0,0,,0.0,0.0,,
塚田しおり,2021-02,NECレッドロケッツ,3,1,0,0,0,,,0,0,0,1,2,0,0,0,1,0,0,,0.0,1.0,0.0,0.0
境紗里奈,2020-10,日立リヴァーレ,18,3,0,0,0,,,0,0,0,0,5,0,0,0,0,0,0,,0.0,0.0,0.0,
境紗里奈,2020-11,日立リヴァーレ,18,11,0,0,0,,,0,0,0,0,11,1,0,1,0,0,0,,0.0,0.0,11.4,
境紗里奈,2020-12,日立リヴァーレ,18,4,0,0,0,,,0,0,0,0,8,1,1,3,0,0,0,,0.0,0.0,18.8,
境紗里奈,2021-01,日立リヴァーレ,18,9,0,0,0,,,0,0,0,0,10,0,0,3,0,0,0,,0.0,0.0,7.5,
境紗里奈,2021-02,日立リヴァーレ,18,6,0,0,0,,,0,0,0,0,7,0,0,0,0,0,0,,0.0,0.0,0.0,
大元朱菜,2021-01,ヴィクトリーナ姫路,3,0,0,0,0,,,0,0,0,0,0,0,0,0,0,0,0,,,,,
大室璃紗,2020-10,埼玉上尾メディックス,23,5,0,0,0,,,0,0,0,0,0,0,0,0,8,5,1,,0.0,0.0,,68.8
大室璃紗,2020-11,埼玉上尾メディックス,23,10,0,0,0,,,0,0,0,0,9,0,3,0,12,5,4,,0.0,0.0,-8.3,58.3
大室璃紗,2020-12,埼玉上尾メディックス,23,4,0,0,0,,,0,0,0,0,7,0,0,3,4,2,0,,0.0,0.0,10.7,50.0
大室璃紗,2021-01,埼玉上尾メディックス,23,7,0,0,0,,,0,0,0,0,7,0,0,1,6,3,2,,0.0,0.0,3.6,66.7
大室璃紗,2021-02,埼玉上尾メディックス,23,5,0,0,0,,,0,0,0,0,5,0,0,0,6,1,3,,0.0,0.0,0.0,41.7
大崎琴未,2020-10,東レアローズ,14,5,1,0,0,0.0,0.0,0,0,0,0,6,0,1,1,0,0,0,,0.0,0.0,0.0,
大崎琴未,2020-11,東レアローズ,14,8,1,0,0,0.0,0.0,0,0,0,0,10,0,0,1,0,0,0,,0.0,0.0,2.5,
大崎琴未,2020-12,東レアローズ,14,1,0,0,0,,,0,0,0,0,2,0,0,2,0,0,0,,0.0,0.0,25.0,
大崎琴未,2021-01,東レアローズ,14,1,0,0,0,,,0,0,0,0,1,0,0,0,0,0,0,,0.0,0.0,0.0,
大崎琴未,2021-02,東レアローズ,14,6,0,0,0,,,0,0,0,0,10,1,0,4,0,0,0,,0.0,0.0,20.0,
大竹里歩,2020-10,デンソーエアリービーズ,5,1,1,0,0,0.0,0.0,0,0,0,0,3,0,0,2,0,0,0,,0.0,0.0,16.7,
大竹里歩,2020-11,デンソーエアリービーズ,5,8,18,10,0,55.6,55.6,0,0,0,1,19,0,2,2,1,0,0,,1.25,0.12,0.0,0.0
大竹里歩,2020-12,デンソーエアリービーズ,5,1,1,0,0,0.0,0.0,0,0,0,0,0,0,0,0,0,0,0,,0.0,0.0,,
大野果歩,2020-10,東レアローズ,2,12,37,20,4,54.1,43.2,0,0,0,5,42,1,4,6,0,0,0,,1.67,0.42,3.6,
大野果歩,2020-11,東レアローズ,2,28,76,33,4,43.4,38.2,0,0,0,12,106,1,5,21,5,1,0,,1.18,0.43,4.7,20.0
大野果歩,2020-12,東レアローズ,2,7,20,7,0,35.0,35.0,0,0,0,6,26,0,2,3,1,1,0,,1.0,0.86,1.0,100.0
大野果歩,2021-01,東レアローズ,2,12,31,13,2,41.9,35.5,0,0,0,5,33,2,2,3,2,2,0,,1.08,0.42,6.8,100.0
大野果歩,2021-02,東レアローズ,2,3,10,8,0,80.0,80.0,0,0,0,1,9,0,0,4,0,0,0,,2.67,0.33,11.1,
奥村麻依,2020-10,デンソーエアリービーズ,13,9,36,13,1,36.1,33.3,0,0,0,8,38,2,0,10,4,4,0,,1.44,0.89,11.8,100.0
奥村麻依,2020-11,デンソーエアリービーズ,13,31,131,46,1,35.1,34.4,0,0,0,25,106,1,4,19,4,1,2,,1.48,0.81,4.5,50.0
奥村麻依,2020-12,デンソーエアリービーズ,13,8,25,10,1,40.0,36.0,0,0,0,3,22,0,0,3,0,0,0,,1.25,0.38,3.4,
奥村麻依,2021-01,デンソーエアリービーズ,13,6,12,6,1,50.0,41.7,0,0,0,1,17,1,0,4,0,0,0,,1.0,0.17,11.8,
奥村麻依,2021-02,デンソーエアリービーズ,13,19,64,21,1,32.8,31.2,0,0,0,5,60,1,3,16,3,2,0,,1.11,0.26,7.1,66.7
孫田菜奈,2020-10,ヴィクトリーナ姫路,12,10,19,9,1,47.4,42.1,0,0,0,0,4,0,0,2,0,0,0,,0.9,0.0,12.5,
孫田菜奈,2020-11,ヴィクトリーナ姫路,12,21,40,13,1,32.5,30.0,0,0,0,1,24,3,4,6,2,0,1,,0.62,0.05,14.6,25.0
孫田菜奈,2020-12,ヴィクトリーナ姫路,12,4,11,4,1,36.4,27.3,0,0,0,0,1,0,0,0,0,0,0,,1.0,0.0,0.0,
孫田菜奈,2021-01,ヴィクトリーナ姫路,12,11,41,16,2,39.0,34.1,0,0,0,1,16,1,1,1,12,5,1,,1.45,0.09,6.2,45.8
孫田菜奈,2021-02,ヴィクトリーナ姫路,12,7,49,13,3,26.5,20.4,0,0,0,2,17,1,0,3,20,4,7,,1.86,0.29,10.3,37.5
宇賀神みずき,2020-10,岡山シーガルズ,5,10,1,0,0,0.0,0.0,0,0,0,0,18,1,0,4,0,0,0,,0.0,0.0,11.1,
宇賀神みずき,2020-11,岡山シーガルズ,5,16,3,1,0,33.3,33.3,0,0,0,1,33,2,2,3,2,0,0,,0.06,0.06,6.8,0.0
宇賀神みずき,2020-12,岡山シーガルズ,5,7,0,0,0,,,0,0,0,0,19,0,0,2,1,0,0,,0.0,0.0,2.6,0.0
宇賀神みずき,2021-01,岡山シーガルズ,5,10,3,2,0,66.7,66.7,1,1,0,1,15,0,0,5,0,0,0,100.0,0.2,0.1,8.3,
宇賀神みずき,2021-02,岡山シーガルズ,5,12,1,0,0,0.0,0.0,0,0,0,0,31,0,1,6,1,0,0,,0.0,0.0,4.0,0.0
安井由香子,2020-10,トヨタ車体クインシーズ,19,6,0,0,0,,,0,0,0,0,0,0,0,0,14,8,2,,0.0,0.0,,64.3
安井由香子,2020-11,トヨタ車体クインシーズ,19,20,0,0,0,,,0,0,0,0,0,0,0,0,65,37,15,,0.0,0.0,,68.5
安井由香子,2020-12,トヨタ車体クインシーズ,19,5,0,0,0,,,0,0,0,0,0,0,0,0,20,16,2,,0.0,0.0,,85.0
安井由香子,2021-01,トヨタ車体クインシーズ,19,8,0,0,0,,,0,0,0,0,0,0,0,0,33,17,6,,0.0,0.0,,60.6
安井由香子,2021-02,トヨタ車体クインシーズ,19,6,0,0,0,,,0,0,0,0,0,0,0,0,28,11,6,,0.0,0.0,,50.0
安田美南,2020-10,NECレッドロケッツ,14,0,0,0,0,,,0,0,0,0,0,0,0,0,0,0,0,,,,,
安田美南,2020-11,NECレッドロケッツ,14,0,0,0,0,,,0,0,0,0,0,0,0,0,0,0,0,,,,,
宮下遥,2020-10,岡山シーガルズ,14,11,4,2,0,50.0,50.0,0,0,0,2,40,1,3,5,1,0,0,,0.18,0.18,3.8,0.0
宮下遥,2020-11,岡山シーガルズ,14,25,5,2,1,40.0,20.0,0,0,0,7,85,0,2,13,0,0,0,,0.08,0.28,3.2,
宮下遥,2020-12,岡山シーガルズ,14,4,0,0,0,,,0,0,0,1,8,0,0,0,2,0,0,,0.0,0.25,0.0,0.0
宮下遥,2021-01,岡山シーガルズ,14,17,5,3,0,60.0,60.0,0,0,0,3,53,3,1,16,2,0,0,,0.18,0.18,12.7,0.0
宮下遥,2021-02,岡山シーガルズ,14,9,3,0,0,0.0,0.0,0,0,0,0,16,0,0,9,0,0,0,,0.0,0.0,14.1,
宮地佳乃,2020-10,ヴィクトリーナ姫路,8,3,25,3,3,12.0,0.0,2,0,1,0,3,0,1,0,0,0,0,0.0,1.0,0.0,-8.3,
宮地佳乃,2020-11,ヴィクトリーナ姫路,8,2,10,1,1,10.0,0.0,0,0,0,0,1,0,1,0,0,0,0,,0.5,0.0,-25.0,
宮地佳乃,2020-12,ヴィクトリーナ姫路,8,0,0,0,0,,,0,0,0,0,0,0,0,0,0,0,0,,,,,
宮地佳乃,2021-01,ヴィクトリーナ姫路,8,6,11,2,0,18.2,18.2,1,0,0,1,2,0,1,1,0,0,0,0.0,0.33,0.17,0.0,
宮地佳乃,2021-02,ヴィクトリーナ姫路,8,0,0,0,0,,,0,0,0,0,0,0,0,0,0,0,0,,,,,
小口樹葉,2020-10,デンソーエアリービーズ,9,1,0,0,0,,,0,0,0,0,0,0,0,0,2,2,0,,0.0,0.0,,100.0
小口樹葉,2020-11,デンソーエアリービーズ,9,1,0,0,0,,,0,0,0,0,0,0,0,0,2,1,1,,0.0,0.0,,75.0
小口樹葉,2020-12,デンソーエアリービーズ,9,0,0,0,0,,,0,0,0,0,0,0,0,0,0,0,0,,,,,
小口樹葉,2021-02,デンソーエアリービーズ,9,1,0,0,0,,,0,0,0,0,0,0,0,0,2,1,0,,0.0,0.0,,50.0
小島満菜美,2020-10,NECレッドロケッツ,16,14,0,0,0,,,0,0,0,0,0,0,0,0,47,26,5,,0.0,0.0,,60.6
小島満菜美,2020-11,NECレッドロケッツ,16,25,0,0,0,,,0,0,0,0,0,0,0,0,118,48,32,,0.0,0.0,,54.2
小島満菜美,2020-12,NECレッドロケッツ,16,7,0,0,0,,,0,0,0,0,0,0,0,0,43,19,13,,0.0,0.0,,59.3
小島満菜美,2021-01,NECレッドロケッツ,16,17,0,0,0,,,0,0,0,0,0,0,0,0,92,38,33,,0.0,0.0,,59.2
小島満菜美,2021-02,NECレッドロケッツ,16,10,0,0,0,,,0,0,0,0,0,0,0,0,30,8,10,,0.0,0.0,,43.3
小島絢野,2020-10,久光スプリングス,24,2,0,0,0,,,0,0,0,0,0,0,0,0,0,0,0,,0.0,0.0,,
小島絢野,2020-11,久光スプリングス,24,0,0,0,0,,,0,0,0,0,0,0,0,0,0,0,0,,,,,
小島絢野,2021-01,久光スプリングス,24,7,2,1,0,50.0,50.0,0,0,0,0,17,1,1,3,0,0,0,,0.14,0.0,8.8,
小島絢野,2021-02,久光スプリングス,24,0,0,0,0,,,0,0,0,0,0,0,0,0,0,0,0,,,,,
小川愛里奈,2020-10,東レアローズ,8,4,15,6,0,40.0,40.0,0,0,0,0,8,0,0,4,2,1,1,,1.5,0.0,12.5,75.0
小川愛里奈,2020-11,東レアローズ,8,15,62,25,2,40.3,37.1,0,0,0,1,48,4,3,14,1,1,0,,1.67,0.07,14.1,100.0
小川愛里奈,2020-12,東レアローズ,8,4,13,8,0,61.5,61.5,0,0,0,1,11,0,2,3,0,0,0,,2.0,0.25,2.3,
小川愛里奈,2021-01,東レアローズ,8,11,35,13,2,37.1,31.4,0,0,0,10,28,1,1,6,0,0,0,,1.18,0.91,8.0,
小川愛里奈,2021-02,東レアローズ,8,10,48,28,1,58.3,56.2,0,0,0,4,28,1,1,11,0,0,0,,2.8,0.4,12.5,
小川杏奈,2020-10,JTマーヴェラス,3,12,30,11,3,36.7,26.7,1,1,0,4,52,3,1,18,2,0,0,100.0,0.92,0.33,13.9,0.0
小川杏奈,2020-11,JTマーヴェラス,3,17,42,25,2,59.5,54.8,0,0,0,7,55,2,4,17,1,0,1,,1.47,0.41,9.5,50.0
小幡真子,2020-10,JTマーヴェラス,15,14,0,0,0,,,0,0,0,0,0,0,0,0,57,35,9,,0.0,0.0,,69.3
小幡真子,2020-11,JTマーヴェラス,15,26,0,0,0,,,0,0,0,0,0,0,0,0,83,48,14,,0.0,0.0,,66.3
小幡真子,2020-12,JTマーヴェラス,15,6,0,0,0,,,0,0,0,0,0,0,0,0,23,14,1,,0.0,0.0,,63.0
小幡真子,2021-01,JTマーヴェラス,15,13,0,0,0,,,0,0,0,0,0,0,0,0,31,24,4,,0.0,0.0,,83.9
小幡真子,2021-02,JTマーヴェラス,15,14,0,0,0,,,0,0,0,0,0,0,0,0,47,27,5,,0.0,0.0,,62.8
小杉凜華,2020-10,KUROBEアクアフェアリーズ,19,12,41,7,1,17.1,14.6,0,0,0,4,38,1,1,9,3,1,0,,0.58,0.33,7.9,33.3
小杉凜華,2020-11,KUROBEアクアフェアリーズ,19,4,1,0,1,0.0,-100.0,0,0,0,0,4,0,0,2,0,0,0,,0.0,0.0,12.5,
小杉凜華,2020-12,KUROBEアクアフェアリーズ,19,5,2,0,0,0.0,0.0,0,0,0,1,9,1,2,4,0,0,0,,0.0,0.2,16.7,
小杉凜華,2021-01,KUROBEアクアフェアリーズ,19,2,0,0,0,,,0,0,0,0,4,0,1,0,0,0,0,,0.0,0.0,-6.2,
小杉凜華,2021-02,KUROBEアクアフェアリーズ,19,4,0,0,0,,,0,0,0,0,8,0,1,1,0,0,0,,0.0,0.0,0.0,
小池杏菜,2020-10,日立リヴァーレ,10,13,0,0,0,,,0,0,0,0,0,0,0,0,35,13,14,,0.0,0.0,,57.1
小池杏菜,2020-11,日立リヴァーレ,10,25,0,0,0,,,0,0,0,0,0,0,0,0,59,31,7,,0.0,0.0,,58.5
小池杏菜,2020-12,日立リヴァーレ,10,4,0,0,0,,,0,0,0,0,0,0,0,0,5,0,2,,0.0,0.0,,20.0
小池杏菜,2021-01,日立リヴァーレ,10,15,0,0,0,,,0,0,0,0,0,0,0,0,14,10,2,,0.0,0.0,,78.6
小池杏菜,2021-02,日立リヴァーレ,10,15,0,0,0,,,0,0,0,0,0,0,0,0,0,0,0,,0.0,0.0,,
小西愛衣,2020-10,KUROBEアクアフェアリーズ,15,18,6,1,0,16.7,16.7,0,0,0,0,59,2,7,12,1,0,1,,0.06,0.0,5.5,50.0
小西愛衣,2020-11,KUROBEアクアフェアリーズ,15,24,9,4,1,44.4,33.3,0,0,0,0,89,4,4,16,0,0,0,,0.17,0.0,7.9,
小西愛衣,2020-12,KUROBEアクアフェアリーズ,15,8,2,2,0,100.0,100.0,0,0,0,0,24,0,3,1,0,0,0,,0.25,0.0,-2.1,
小西愛衣,2021-01,KUROBEアクアフェアリーズ,15,18,6,2,0,33.3,33.3,0,0,0,3,52,1,3,12,1,0,0,,0.11,0.17,6.2,0.0
小西愛衣,2021-02,KUROBEアクアフェアリーズ,15,4,5,2,0,40.0,40.0,0,0,0,0,15,1,1,2,0,0,0,,0.5,0.0,8.3,
小野寺友香,2020-10,日立リヴァーレ,2,1,0,0,0,,,0,0,0,0,2,0,0,0,0,0,0,,0.0,0.0,0.0,
小野寺友香,2020-11,日立リヴァーレ,2,15,1,0,0,0.0,0.0,0,0,0,3,43,2,1,9,0,0,0,,0.0,0.2,9.3,
小野寺友香,2020-12,日立リヴァーレ,2,7,0,0,0,,,0,0,0,0,21,2,0,5,0,0,0,,0.0,0.0,15.5,
小野寺友香,2021-01,日立リヴァーレ,2,13,2,1,0,50.0,50.0,0,0,0,2,47,1,1,18,0,0,0,,0.08,0.15,11.2,
小野寺友香,2021-02,日立リヴァーレ,2,12,4,2,0,50.0,50.0,0,0,0,1,34,1,2,13,0,0,0,,0.17,0.08,11.0,
小野寺夏希,2020-11,岡山シーガルズ,31,0,0,0,0,,,0,0,0,0,0,0,0,0,0,0,0,,,,,
小野寺夏希,2021-01,岡山シーガルズ,31,4,0,0,0,,,0,0,0,0,9,0,0,1,0,0,0,,0.0,0.0,2.8,
居村杏奈,2020-10,岡山シーガルズ,12,10,36,9,1,25.0,22.2,0,0,0,1,33,0,0,6,3,1,0,,0.9,0.1,4.5,33.3
居村杏奈,2020-11,岡山シーガルズ,12,17,57,31,2,54.4,50.9,1,0,0,5,55,0,1,12,4,2,0,0.0,1.82,0.29,5.0,50.0
居村杏奈,2020-12,岡山シーガルズ,12,0,0,0,0,,,0,0,0,0,0,0,0,0,0,0,0,,,,,
居村杏奈,2021-01,岡山シーガルズ,12,12,42,21,1,50.0,47.6,0,0,0,5,25,0,1,9,1,1,0,,1.75,0.42,8.0,100.0
居村杏奈,2021-02,岡山シーガルズ,12,6,24,9,2,37.5,29.2,0,0,0,0,12,1,0,2,2,0,1,,1.5,0.0,12.5,25.0
山上有紀,2020-10,トヨタ車体クインシーズ,18,9,3,1,0,33.3,33.3,0,0,0,0,26,1,2,5,1,0,0,,0.11,0.0,6.7,0.0
山上有紀,2020-11,トヨタ車体クインシーズ,18,23,7,1,1,14.3,0.0,0,0,0,3,65,3,5,21,1,0,0,,0.04,0.13,10.8,0.0
山上有紀,2020-12,トヨタ車体クインシーズ,18,3,1,1,0,100.0,100.0,0,0,0,1,10,1,2,3,0,0,0,,0.33,0.33,12.5,
山上有紀,2021-01,トヨタ車体クインシーズ,18,2,0,0,0,,,0,0,0,0,2,0,1,0,0,0,0,,0.0,0.0,-12.5,
山上有紀,2021-02,トヨタ車体クインシーズ,18,4,0,0,0,,,0,0,0,0,4,0,2,0,0,0,0,,0.0,0.0,-12.5,
山下遥香,2020-10,PFUブルーキャッツ,9,8,0,0,0,,,0,0,0,0,15,2,3,1,0,0,0,,0.0,0.0,10.0,
山下遥香,2020-11,PFUブルーキャッツ,9,33,12,4,0,33.3,33.3,1,0,0,5,87,2,14,23,0,0,0,0.0,0.12,0.15,4.9,
山下遥香,2020-12,PFUブルーキャッツ,9,6,0,0,0,,,0,0,0,0,14,1,4,4,1,0,0,,0.0,0.0,7.1,0.0
山下遥香,2021-01,PFUブルーキャッツ,9,10,1,1,0,100.0,100.0,0,0,0,1,26,1,4,6,0,0,0,,0.1,0.1,5.8,
山下遥香,2021-02,PFUブルーキャッツ,9,2,1,1,0,100.0,100.0,0,0,0,1,3,0,1,0,0,0,0,,0.5,0.5,-8.3,
山内美咲,2020-10,NECレッドロケッツ,12,12,64,28,2,43.8,40.6,5,0,0,4,20,3,0,2,47,23,10,0.0,2.33,0.33,17.5,59.6
山内美咲,2020-11,NECレッドロケッツ,12,24,128,40,7,31.2,25.8,9,1,0,6,73,5,3,29,89,38,27,11.1,1.67,0.25,15.8,57.9
山内美咲,2020-12,NECレッドロケッツ,12,4,26,6,2,23.1,15.4,2,0,1,1,15,2,0,4,20,8,5,0.0,1.5,0.25,20.0,52.5
山内美咲,2021-01,NECレッドロケッツ,12,7,7,4,0,57.1,57.1,0,0,0,3,9,1,0,2,18,11,2,,0.57,0.43,16.7,66.7
山内美咲,2021-02,NECレッドロケッツ,12,5,1,0,0,0.0,0.0,0,0,0,0,8,0,0,0,5,1,0,,0.0,0.0,0.0,20.0
山口珠李,2020-10,埼玉上尾メディックス,6,11,42,14,5,33.3,21.4,3,0,1,1,16,1,1,5,0,0,0,0.0,1.27,0.09,12.5,
山口珠李,2020-11,埼玉上尾メディックス,6,1,4,1,0,25.0,25.0,0,0,0,0,1,0,0,0,0,0,0,,1.0,0.0,0.0,
山口珠李,2020-12,埼玉上尾メディックス,6,1,0,0,0,,,0,0,0,0,1,0,0,0,0,0,0,,0.0,0.0,0.0,
山口珠李,2021-01,埼玉上尾メディックス,6,5,12,5,0,41.7,41.7,0,0,0,0,12,1,3,5,0,0,0,,1.0,0.0,12.5,
山口珠李,2021-02,埼玉上尾メディックス,6,3,7,7,0,100.0,100.0,0,0,0,1,12,0,0,1,1,0,1,,2.33,0.33,2.1,50.0
山城愛心,2021-02,KUROBEアクアフェアリーズ,6,6,28,7,0,25.0,25.0,1,0,0,4,18,0,1,4,45,8,19,0.0,1.17,0.67,4.2,38.9
山岸あかね,2020-10,埼玉上尾メディックス,7,18,0,0,0,,,0,0,0,0,0,0,0,0,49,23,10,,0.0,0.0,,57.1
山岸あかね,2020-11,埼玉上尾メディックス,7,21,0,0,0,,,0,0,0,0,0,0,0,0,96,41,22,,0.0,0.0,,54.2
山岸あかね,2020-12,埼玉上尾メディックス,7,8,0,0,0,,,0,0,0,0,0,0,0,0,39,25,7,,0.0,0.0,,73.1
山岸あかね,2021-01,埼玉上尾メディックス,7,13,0,0,0,,,0,0,0,0,0,0,0,0,49,27,13,,0.0,0.0,,68.4
山岸あかね,2021-02,埼玉上尾メディックス,7,11,0,0,0,,,0,0,0,0,0,0,0,0,75,31,21,,0.0,0.0,,55.3
山崎のの花,2020-10,埼玉上尾メディックス,5,19,7,0,0,0.0,0.0,0,0,0,13,58,0,4,21,2,0,0,,0.0,0.68,7.3,0.0
山崎のの花,2020-11,埼玉上尾メディックス,5,21,9,6,0,66.7,66.7,0,0,0,5,71,3,2,18,0,0,0,,0.29,0.24,9.9,
山崎のの花,2020-12,埼玉上尾メディックス,5,8,7,2,0,28.6,28.6,0,0,0,3,27,0,0,4,0,0,0,,0.25,0.38,3.7,
山崎のの花,2021-01,埼玉上尾メディックス,5,13,2,1,0,50.0,50.0,0,0,0,7,55,3,5,19,1,0,0,,0.08,0.54,11.8,0.0
山崎のの花,2021-02,埼玉上尾メディックス,5,11,7,4,0,57.1,57.1,0,0,0,1,45,1,3,13,0,0,0,,0.36,0.09,7.8,
山形理沙子,2020-10,トヨタ車体クインシーズ,20,3,1,1,0,100.0,100.0,0,0,0,0,7,1,0,4,0,0,0,,0.33,0.0,28.6,
山形理沙子,2020-11,トヨタ車体クインシーズ,20,4,3,1,0,33.3,33.3,0,0,0,1,5,0,0,2,0,0,0,,0.25,0.25,10.0,
山形理沙子,2020-12,トヨタ車体クインシーズ,20,0,0,0,0,,,0,0,0,0,0,0,0,0,0,0,0,,,,,
山形理沙子,2021-01,トヨタ車体クインシーズ,20,9,1,1,0,100.0,100.0,0,0,0,0,21,1,1,5,0,0,0,,0.11,0.0,9.5,
山形理沙子,2021-02,トヨタ車体クインシーズ,20,6,5,1,0,20.0,20.0,0,0,0,1,14,0,1,5,0,0,0,,0.17,0.17,7.1,
山田二千華,2020-10,NECレッドロケッツ,13,12,40,9,4,22.5,12.5,0,0,0,7,52,1,3,11,0,0,0,,0.75,0.58,5.8,
山田二千華,2020-11,NECレッドロケッツ,13,21,74,28,0,37.8,37.8,0,0,0,12,88,3,5,20,13,5,3,,1.33,0.57,7.7,50.0
山田二千華,2020-12,NECレッドロケッツ,13,3,11,7,0,63.6,63.6,0,0,0,6,9,0,2,2,0,0,0,,2.33,2.0,0.0,
山田二千華,2021-01,NECレッドロケッツ,13,17,55,23,4,41.8,34.5,0,0,0,11,57,2,2,14,3,3,0,,1.35,0.65,8.8,100.0
山田二千華,2021-02,NECレッドロケッツ,13,6,14,8,0,57.1,57.1,0,0,0,1,11,1,1,2,5,2,1,,1.33,0.17,11.4,50.0
岩坂名奈,2020-10,久光スプリングス,4,8,18,7,0,38.9,38.9,0,0,0,4,27,0,2,5,1,0,0,,0.88,0.5,2.8,0.0
岩坂名奈,2020-11,久光スプリングス,4,19,40,15,0,37.5,37.5,0,0,0,7,57,4,1,12,0,0,0,,0.79,0.37,11.8,
岩坂名奈,2020-12,久光スプリングス,4,7,17,10,0,58.8,58.8,0,0,0,3,37,2,1,12,1,1,0,,1.43,0.43,12.8,100.0
岩坂名奈,2021-01,久光スプリングス,4,2,2,1,0,50.0,50.0,0,0,0,2,5,0,0,2,2,0,1,,0.5,1.0,10.0,25.0
岩澤実育,2020-12,埼玉上尾メディックス,12,0,0,0,0,,,0,0,0,0,0,0,0,0,0,0,0,,,,,
岩澤実育,2021-01,埼玉上尾メディックス,12,5,0,0,0,,,0,0,0,0,8,1,1,1,4,3,1,,0.0,0.0,12.5,87.5
岩澤実育,2021-02,埼玉上尾メディックス,12,8,0,0,0,,,0,0,0,0,12,1,1,6,18,9,6,,0.0,0.0,18.8,66.7
島村春世,2020-10,NECレッドロケッツ,1,14,84,49,2,58.3,56.0,0,0,0,4,38,1,1,7,2,2,0,,3.5,0.29,6.6,100.0
島村春世,2020-11,NECレッドロケッツ,1,22,114,60,3,52.6,50.0,0,0,0,5,54,2,1,9,9,3,2,,2.73,0.23,7.4,44.4
島村春世,2020-12,NECレッドロケッツ,1,7,25,12,0,48.0,48.0,0,0,0,6,26,2,1,6,2,0,1,,1.71,0.86,12.5,25.0
島村春世,2021-01,NECレッドロケッツ,1,7,37,12,0,32.4,32.4,0,0,0,1,16,0,1,1,3,2,1,,1.71,0.14,0.0,83.3
島村春世,2021-02,NECレッドロケッツ,1,10,42,23,2,54.8,50.0,0,0,0,2,26,1,0,9,11,6,2,,2.3,0.2,12.5,63.6
島田美紅,2021-02,KUROBEアクアフェアリーズ,7,2,2,1,0,50.0,50.0,0,0,0,0,5,1,0,2,0,0,0,,0.5,0.0,30.0,
島畑奈緒子,2020-10,PFUブルーキャッツ,14,8,3,1,0,33.3,33.3,0,0,0,0,22,1,3,7,0,0,0,,0.12,0.0,9.1,
島畑奈緒子,2020-11,PFUブルーキャッツ,14,22,0,0,0,,,0,0,0,0,15,0,4,5,0,0,0,,0.0,0.0,1.7,
島畑奈緒子,2020-12,PFUブルーキャッツ,14,4,0,0,0,,,0,0,0,0,1,0,0,1,0,0,0,,0.0,0.0,25.0,
島畑奈緒子,2021-01,PFUブルーキャッツ,14,8,0,0,0,,,0,0,0,0,12,1,3,2,0,0,0,,0.0,0.0,6.2,
島畑奈緒子,2021-02,PFUブルーキャッツ,14,4,2,1,0,50.0,50.0,0,0,0,1,14,0,2,5,0,0,0,,0.25,0.25,5.4,
川上雛菜,2021-02,NECレッドロケッツ,17,9,0,0,0,,,0,0,0,0,15,0,0,3,0,0,0,,0.0,0.0,5.0,
川島亜依美,2020-10,岡山シーガルズ,28,11,27,13,2,48.1,40.7,0,0,0,4,29,0,1,8,1,1,0,,1.18,0.36,6.0,100.0
川島亜依美,2020-11,岡山シーガルズ,28,25,105,43,3,41.0,38.1,1,0,0,9,92,3,3,29,5,2,0,0.0,1.72,0.36,10.3,40.0
川島亜依美,2020-12,岡山シーガルズ,28,6,16,9,0,56.2,56.2,0,0,0,2,17,0,1,6,2,2,0,,1.5,0.33,7.4,100.0
川島亜依美,2021-01,岡山シーガルズ,28,10,21,6,1,28.6,23.8,0,0,0,3,34,0,3,10,0,0,0,,0.6,0.3,5.1,
川島亜依美,2021-02,岡山シーガルズ,28,5,8,4,0,50.0,50.0,0,0,0,1,9,0,1,4,0,0,0,,0.8,0.2,8.3,
工藤嶺,2020-10,デンソーエアリービーズ,21,8,79,27,4,34.2,29.1,18,4,1,2,32,1,0,9,25,12,3,22.2,3.38,0.25,10.2,54.0
工藤嶺,2020-11,デンソーエアリービーズ,21,33,294,113,20,38.4,31.6,82,29,6,9,115,2,6,34,80,38,15,35.4,3.42,0.27,7.8,56.9
工藤嶺,2020-12,デンソーエアリービーズ,21,8,74,25,6,33.8,25.7,16,5,4,3,30,2,0,11,31,10,13,31.2,3.12,0.38,15.8,53.2
工藤嶺,2021-01,デンソーエアリービーズ,21,7,35,10,4,28.6,17.1,10,3,1,1,14,0,1,6,14,8,2,30.0,1.43,0.14,8.9,64.3
工藤嶺,2021-02,デンソーエアリービーズ,21,12,63,19,3,30.2,25.4,18,7,0,0,20,2,2,4,30,10,10,38.9,1.58,0.0,12.5,50.0
平山詩嫣,2021-02,久光スプリングス,19,7,0,0,0,,,0,0,0,0,10,1,0,4,0,0,0,,0.0,0.0,20.0,
座安琴希,2020-10,久光スプリングス,10,15,0,0,0,,,0,0,0,0,0,0,0,0,19,10,4,,0.0,0.0,,63.2
座安琴希,2020-11,久光スプリングス,10,20,0,0,0,,,0,0,0,0,1,0,0,0,25,17,5,,0.0,0.0,0.0,78.0
座安琴希,2020-12,久光スプリングス,10,7,0,0,0,,,0,0,0,0,0,0,0,0,5,3,2,,0.0,0.0,,80.0
座安琴希,2021-01,久光スプリングス,10,11,0,0,0,,,0,0,0,0,0,0,0,0,11,4,6,,0.0,0.0,,63.6
座安琴希,2021-02,久光スプリングス,10,7,0,0,0,,,0,0,0,0,0,0,0,0,2,2,0,,0.0,0.0,,100.0
廣瀬七海,2020-10,NECレッドロケッツ,9,5,44,14,2,31.8,27.3,3,1,0,1,17,1,2,6,2,1,1,33.3,2.8,0.2,11.8,75.0
廣瀬七海,2020-11,NECレッドロケッツ,9,5,2,1,0,50.0,50.0,0,0,0,1,0,0,0,0,0,0,0,,0.2,0.2,,
廣瀬七海,2020-12,NECレッドロケッツ,9,3,6,2,1,33.3,16.7,0,0,0,1,0,0,0,0,0,0,0,,0.67,0.33,,
廣瀬七海,2021-01,NECレッドロケッツ,9,0,0,0,0,,,0,0,0,0,0,0,0,0,0,0,0,,,,,
廣瀬七海,2021-02,NECレッドロケッツ,9,0,0,0,0,,,0,0,0,0,0,0,0,0,0,0,0,,,,,
志摩美古都,2021-01,PFUブルーキャッツ,35,9,55,20,1,36.4,34.5,1,0,0,0,22,0,3,2,24,11,7,0.0,2.22,0.0,-1.1,60.4
志摩美古都,2021-02,PFUブルーキャッツ,35,4,20,9,1,45.0,40.0,0,0,0,2,12,0,1,2,11,6,3,,2.25,0.5,2.1,68.2
戸江真奈,2020-10,久光スプリングス,18,17,0,0,0,,,0,0,0,0,0,0,0,0,71,50,5,,0.0,0.0,,73.9
戸江真奈,2020-11,久光スプリングス,18,24,0,0,0,,,0,0,0,0,0,0,0,0,93,55,19,,0.0,0.0,,69.4
戸江真奈,2020-12,久光スプリングス,18,7,0,0,0,,,0,0,0,0,0,0,0,0,18,14,0,,0.0,0.0,,77.8
戸江真奈,2021-01,久光スプリングス,18,22,0,0,0,,,0,0,0,0,0,0,0,0,108,52,28,,0.0,0.0,,61.1
戸江真奈,2021-02,久光スプリングス,18,9,0,0,0,,,0,0,0,0,0,0,0,0,41,24,9,,0.0,0.0,,69.5
戸部真由香,2020-10,KUROBEアクアフェアリーズ,20,1,0,0,0,,,0,0,0,0,1,0,0,0,0,0,0,,0.0,0.0,0.0,
戸部真由香,2020-12,KUROBEアクアフェアリーズ,20,0,0,0,0,,,0,0,0,0,0,0,0,0,0,0,0,,,,,
戸部真由香,2021-01,KUROBEアクアフェアリーズ,20,0,0,0,0,,,0,0,0,0,0,0,0,0,0,0,0,,,,,
星加輝,2020-10,KUROBEアクアフェアリーズ,16,2,0,0,0,,,0,0,0,0,2,0,0,0,0,0,0,,0.0,0.0,0.0,
星加輝,2020-11,KUROBEアクアフェアリーズ,16,9,0,0,0,,,0,0,0,0,9,0,1,4,0,0,0,,0.0,0.0,8.3,
星加輝,2020-12,KUROBEアクアフェアリーズ,16,4,0,0,0,,,0,0,0,0,5,0,0,1,0,0,0,,0.0,0.0,5.0,
星加輝,2021-01,KUROBEアクアフェアリーズ,16,11,1,1,0,100.0,100.0,0,0,0,0,17,0,2,3,0,0,0,,0.09,0.0,1.5,
星加輝,2021-02,KUROBEアクアフェアリーズ,16,4,1,0,0,0.0,0.0,0,0,0,0,8,0,0,3,0,0,0,,0.0,0.0,9.4,
曽我啓菜,2020-10,NECレッドロケッツ,5,11,85,31,6,36.5,29.4,1,0,0,2,25,1,2,5,64,22,17,0.0,2.82,0.18,7.0,47.7
曽我啓菜,2020-11,NECレッドロケッツ,5,14,78,25,8,32.1,21.8,2,1,0,4,24,0,2,12,71,25,16,50.0,1.79,0.29,10.4,46.5
曽我啓菜,2020-12,NECレッドロケッツ,5,1,0,0,0,,,0,0,0,0,1,0,1,0,0,0,0,,0.0,0.0,-25.0,
曽我啓菜,2021-01,NECレッドロケッツ,5,16,119,54,4,45.4,42.0,10,2,0,4,56,0,3,12,88,29,19,20.0,3.38,0.25,4.0,43.8
曽我啓菜,2021-02,NECレッドロケッツ,5,10,68,31,4,45.6,39.7,4,1,0,1,43,2,3,10,56,21,16,25.0,3.1,0.1,8.7,51.8
有田妃奈乃,2020-10,PFUブルーキャッツ,1,2,0,0,0,,,0,0,0,0,1,0,0,0,0,0,0,,0.0,0.0,0.0,
有田妃奈乃,2020-11,PFUブルーキャッツ,1,3,5,2,1,40.0,20.0,0,0,0,0,4,1,1,2,0,0,0,,0.67,0.0,31.2,
有田妃奈乃,2020-12,PFUブルーキャッツ,1,0,0,0,0,,,0,0,0,0,0,0,0,0,0,0,0,,,,,
杉原若葉,2020-10,KUROBEアクアフェアリーズ,11,11,21,8,2,38.1,28.6,0,0,0,3,24,0,4,5,0,0,0,,0.73,0.27,1.0,
杉原若葉,2020-11,KUROBEアクアフェアリーズ,11,22,62,25,3,40.3,35.5,0,0,0,14,74,3,6,26,0,0,0,,1.14,0.64,10.8,
杉原若葉,2020-12,KUROBEアクアフェアリーズ,11,8,21,6,2,28.6,19.0,0,0,0,8,20,2,0,4,0,0,0,,0.75,1.0,15.0,
杉原若葉,2021-01,KUROBEアクアフェアリーズ,11,14,41,10,3,24.4,17.1,0,0,0,2,43,0,4,10,0,0,0,,0.71,0.14,3.5,
杉原若葉,2021-02,KUROBEアクアフェアリーズ,11,1,3,0,1,0.0,-33.3,0,0,0,0,2,0,0,1,0,0,0,,0.0,0.0,12.5,
杉郁香,2020-10,トヨタ車体クインシーズ,15,0,0,0,0,,,0,0,0,0,0,0,0,0,0,0,0,,,,,
杉郁香,2021-02,トヨタ車体クインシーズ,15,0,0,0,0,,,0,0,0,0,0,0,0,0,0,0,0,,,,,
村上華澄,2020-10,PFUブルーキャッツ,6,8,29,13,3,44.8,34.5,0,0,0,0,14,0,0,5,1,1,0,,1.62,0.0,8.9,100.0
村上華澄,2020-11,PFUブルーキャッツ,6,30,117,44,4,37.6,34.2,0,0,0,9,100,2,4,29,5,0,2,,1.47,0.3,8.2,20.0
村上華澄,2020-12,PFUブルーキャッツ,6,6,15,6,1,40.0,33.3,0,0,0,2,13,2,0,3,0,0,0,,1.0,0.33,21.2,
村上華澄,2021-01,PFUブルーキャッツ,6,9,35,8,4,22.9,11.4,0,0,0,1,32,2,0,6,3,0,2,,0.89,0.11,10.9,33.3
村上華澄,2021-02,PFUブルーキャッツ,6,4,11,5,0,45.5,45.5,0,0,0,2,12,1,1,2,1,0,0,,1.25,0.5,10.4,0.0
村永奈央,2020-10,トヨタ車体クインシーズ,6,9,51,8,0,15.7,15.7,0,0,0,3,16,1,1,6,59,16,16,,0.89,0.33,14.1,40.7
村永奈央,2020-11,トヨタ車体クインシーズ,6,17,31,6,0,19.4,19.4,0,0,0,1,13,1,1,1,73,35,14,,0.35,0.06,7.7,57.5
村永奈央,2020-12,トヨタ車体クインシーズ,6,2,4,0,0,0.0,0.0,0,0,0,0,0,0,0,0,7,1,1,,0.0,0.0,,21.4
村永奈央,2021-01,トヨタ車体クインシーズ,6,3,7,2,0,28.6,28.6,0,0,0,0,3,0,0,3,4,1,1,,0.67,0.0,25.0,37.5
村永奈央,2021-02,トヨタ車体クインシーズ,6,2,7,0,0,0.0,0.0,0,0,0,0,3,0,0,1,9,3,2,,0.0,0.0,8.3,44.4
東谷玲衣奈,2020-10,デンソーエアリービーズ,20,3,19,9,1,47.4,42.1,2,0,1,1,4,0,0,1,13,6,1,0.0,3.0,0.33,6.2,50.0
東谷玲衣奈,2020-11,デンソーエアリービーズ,20,17,63,22,2,34.9,31.7,3,1,0,1,9,0,0,1,30,16,9,33.3,1.29,0.06,2.8,68.3
東谷玲衣奈,2020-12,デンソーエアリービーズ,20,4,9,4,1,44.4,33.3,0,0,0,1,0,0,0,0,3,1,0,,1.0,0.25,,33.3
東谷玲衣奈,2021-01,デンソーエアリービーズ,20,6,38,16,0,42.1,42.1,3,0,0,2,14,0,2,1,32,14,6,0.0,2.67,0.33,-1.8,53.1
東谷玲衣奈,2021-02,デンソーエアリービーズ,20,16,104,41,8,39.4,31.7,6,0,1,3,32,0,5,13,85,35,18,0.0,2.56,0.19,6.2,51.8
松井珠己,2020-11,デンソーエアリービーズ,14,19,8,4,0,50.0,50.0,0,0,0,0,27,1,0,3,0,0,0,,0.21,0.0,6.5,
松井珠己,2020-12,デンソーエアリービーズ,14,4,0,0,0,,,0,0,0,0,5,0,0,3,0,0,0,,0.0,0.0,15.0,
松井珠己,2021-02,デンソーエアリービーズ,14,15,4,1,0,25.0,25.0,0,0,0,2,22,1,1,5,0,0,0,,0.07,0.13,9.1,
松本亜弥華,2020-10,トヨタ車体クインシーズ,14,3,9,3,0,33.3,33.3,0,0,0,1,5,0,0,0,1,0,0,,1.0,0.33,0.0,0.0
松本亜弥華,2020-11,トヨタ車体クインシーズ,14,5,4,2,0,50.0,50.0,0,0,0,0,4,0,0,0,0,0,0,,0.4,0.0,0.0,
松本亜弥華,2020-12,トヨタ車体クインシーズ,14,0,0,0,0,,,0,0,0,0,0,0,0,0,0,0,0,,,,,
松本亜弥華,2021-01,トヨタ車体クインシーズ,14,9,19,7,2,36.8,26.3,0,0,0,4,13,1,0,3,1,0,0,,0.78,0.44,13.5,0.0
松本亜弥華,2021-02,トヨタ車体クインシーズ,14,2,8,3,1,37.5,25.0,0,0,0,0,2,0,0,0,0,0,0,,1.5,0.0,0.0,
松本愛希穂,2020-10,ヴィクトリーナ姫路,15,14,144,44,10,30.6,23.6,6,4,0,2,51,2,4,19,120,61,25,66.7,3.14,0.14,11.3,61.2
松本愛希穂,2020-11,ヴィクトリーナ姫路,15,29,267,94,18,35.2,28.5,11,1,6,5,88,5,10,20,270,120,65,9.1,3.24,0.17,8.5,56.5
松本愛希穂,2020-12,ヴィクトリーナ姫路,15,7,69,34,5,49.3,42.0,4,1,2,2,34,3,4,13,70,34,18,25.0,4.86,0.29,15.4,61.4
松本愛希穂,2021-01,ヴィクトリーナ姫路,15,21,173,50,10,28.9,23.1,6,1,0,4,65,5,3,16,195,112,31,16.7,2.38,0.19,12.7,65.4
松本愛希穂,2021-02,ヴィクトリーナ姫路,15,3,28,7,1,25.0,21.4,2,0,0,0,19,1,0,9,36,18,12,0.0,2.33,0.0,17.1,66.7
林琴奈,2020-10,JTマーヴェラス,2,14,144,59,8,41.0,35.4,20,8,2,7,51,2,3,13,104,56,22,40.0,4.21,0.5,8.8,64.4
林琴奈,2020-11,JTマーヴェラス,2,26,247,87,15,35.2,29.1,30,9,3,14,87,1,6,19,202,107,47,30.0,3.35,0.54,4.9,64.6
林琴奈,2020-12,JTマーヴェラス,2,6,48,18,4,37.5,29.2,2,1,1,5,24,0,1,10,40,29,4,50.0,3.0,0.83,9.4,77.5
林琴奈,2021-01,JTマーヴェラス,2,13,111,49,3,44.1,41.4,17,8,2,4,49,2,1,6,74,37,24,47.1,3.77,0.31,6.6,66.2
林琴奈,2021-02,JTマーヴェラス,2,14,122,43,6,35.2,30.3,8,4,0,7,59,1,3,24,85,30,19,50.0,3.07,0.5,10.6,46.5
柳田光綺,2020-10,NECレッドロケッツ,4,11,41,12,3,29.3,22.0,2,0,1,1,25,0,3,6,0,0,0,0.0,1.09,0.09,3.0,
柳田光綺,2020-11,NECレッドロケッツ,4,4,13,2,1,15.4,7.7,0,0,0,0,5,0,1,0,0,0,0,,0.5,0.0,-5.0,
柳田光綺,2021-01,NECレッドロケッツ,4,3,0,0,0,,,0,0,0,0,4,0,0,0,0,0,0,,0.0,0.0,0.0,
柴田真果,2020-10,JTマーヴェラス,5,14,1,1,0,100.0,100.0,0,0,0,0,22,1,1,7,0,0,0,,0.07,0.0,11.4,
柴田真果,2020-11,JTマーヴェラス,5,26,2,1,0,50.0,50.0,1,0,0,0,51,4,0,20,0,0,0,0.0,0.04,0.0,17.6,
柴田真果,2020-12,JTマーヴェラス,5,6,0,0,0,,,0,0,0,0,14,0,0,4,0,0,0,,0.0,0.0,7.1,
柴田真果,2021-01,JTマーヴェラス,5,13,0,0,0,,,0,0,0,0,16,0,0,3,0,0,0,,0.0,0.0,4.7,
柴田真果,2021-02,JTマーヴェラス,5,13,4,2,0,50.0,50.0,0,0,0,0,19,1,0,8,0,0,0,,0.15,0.0,15.8,
栄絵里香,2020-10,久光スプリングス,11,6,0,0,0,,,0,0,0,1,11,1,0,2,0,0,0,,0.0,0.17,13.6,
栄絵里香,2020-11,久光スプリングス,11,4,0,0,0,,,0,0,0,0,3,0,1,0,0,0,0,,0.0,0.0,-8.3,
栄絵里香,2020-12,久光スプリングス,11,5,0,0,0,,,0,0,0,0,9,1,0,1,0,0,0,,0.0,0.0,13.9,
栄絵里香,2021-01,久光スプリングス,11,12,2,0,0,0.0,0.0,0,0,0,1,37,1,0,8,1,0,0,,0.0,0.08,8.1,0.0
梅津憂理,2020-10,KUROBEアクアフェアリーズ,13,6,44,9,3,20.5,13.6,1,1,0,0,16,0,0,4,25,4,8,100.0,1.5,0.0,6.2,32.0
梅津憂理,2020-11,KUROBEアクアフェアリーズ,13,2,0,0,0,,,0,0,0,0,3,0,0,1,5,2,1,,0.0,0.0,8.3,50.0
梅津憂理,2020-12,KUROBEアクアフェアリーズ,13,1,2,0,0,0.0,0.0,0,0,0,0,1,0,0,0,5,0,2,,0.0,0.0,0.0,20.0
梅津憂理,2021-01,KUROBEアクアフェアリーズ,13,8,45,12,3,26.7,20.0,3,1,0,2,19,0,1,6,59,13,18,33.3,1.5,0.25,6.6,37.3
梅津憂理,2021-02,KUROBEアクアフェアリーズ,13,0,0,0,0,,,0,0,0,0,0,0,0,0,0,0,0,,,,,
森田茉莉,2020-10,PFUブルーキャッツ,3,8,0,0,0,,,0,0,0,0,0,0,0,0,20,8,7,,0.0,0.0,,57.5
森田茉莉,2020-11,PFUブルーキャッツ,3,16,0,0,0,,,0,0,0,0,0,0,0,0,59,26,18,,0.0,0.0,,59.3
森田茉莉,2020-12,PFUブルーキャッツ,3,2,0,0,0,,,0,0,0,0,0,0,0,0,3,0,1,,0.0,0.0,,16.7
森田茉莉,2021-01,PFUブルーキャッツ,3,6,0,0,0,,,0,0,0,0,0,0,0,0,16,8,2,,0.0,0.0,,56.2
森田茉莉,2021-02,PFUブルーキャッツ,3,4,0,0,0,,,0,0,0,0,0,0,0,0,15,4,2,,0.0,0.0,,33.3
森谷史佳,2020-10,デンソーエアリービーズ,10,3,0,0,0,,,0,0,0,0,6,1,1,1,0,0,0,,0.0,0.0,16.7,
森谷史佳,2020-11,デンソーエアリービーズ,10,13,19,6,0,31.6,31.6,0,0,0,0,34,0,2,8,0,0,0,,0.46,0.0,4.4,
森谷史佳,2020-12,デンソーエアリービーズ,10,3,1,0,0,0.0,0.0,0,0,0,0,10,0,0,3,0,0,0,,0.0,0.0,7.5,
森谷史佳,2021-01,デンソーエアリービーズ,10,6,25,8,0,32.0,32.0,0,0,0,0,26,3,2,8,1,0,0,,1.33,0.0,17.3,0.0
森谷史佳,2021-02,デンソーエアリービーズ,10,8,2,0,0,0.0,0.0,0,0,0,0,13,1,0,6,0,0,0,,0.0,0.0,19.2,
椎名真子,2020-10,埼玉上尾メディックス,14,2,9,1,0,11.1,11.1,1,0,0,0,3,0,2,0,0,0,0,0.0,0.5,0.0,-16.7,
椎名真子,2020-11,埼玉上尾メディックス,14,6,28,11,0,39.3,39.3,1,0,0,0,17,0,5,3,13,4,3,0.0,1.83,0.0,-2.9,42.3
椎名真子,2020-12,埼玉上尾メディックス,14,4,18,4,1,22.2,16.7,0,0,0,1,2,0,0,1,10,5,1,,1.0,0.25,12.5,55.0
楢崎慈恵,2020-10,岡山シーガルズ,27,13,0,0,0,,,0,0,0,0,0,0,0,0,36,18,7,,0.0,0.0,,59.7
楢崎慈恵,2020-11,岡山シーガルズ,27,28,0,0,0,,,0,0,0,0,0,0,0,0,90,40,26,,0.0,0.0,,58.9
楢崎慈恵,2020-12,岡山シーガルズ,27,6,0,0,0,,,0,0,0,0,1,0,0,0,17,12,1,,0.0,0.0,0.0,73.5
楢崎慈恵,2021-01,岡山シーガルズ,27,0,0,0,0,,,0,0,0,0,0,0,0,0,0,0,0,,,,,
楢崎慈恵,2021-02,岡山シーガルズ,27,6,0,0,0,,,0,0,0,0,1,0,1,0,36,21,4,,0.0,0.0,-25.0,63.9
榊原美沙都,2020-10,トヨタ車体クインシーズ,8,10,0,0,0,,,0,0,0,0,0,0,0,0,56,22,14,,0.0,0.0,,51.8
榊原美沙都,2020-11,トヨタ車体クインシーズ,8,11,0,0,0,,,0,0,0,0,0,0,0,0,41,21,13,,0.0,0.0,,67.1
榊原美沙都,2020-12,トヨタ車体クインシーズ,8,2,0,0,0,,,0,0,0,0,0,0,0,0,9,3,2,,0.0,0.0,,44.4
榊原美沙都,2021-01,トヨタ車体クインシーズ,8,10,0,0,0,,,0,0,0,0,0,0,0,0,36,18,10,,0.0,0.0,,63.9
榊原美沙都,2021-02,トヨタ車体クインシーズ,8,4,0,0,0,,,0,0,0,0,0,0,0,0,15,12,1,,0.0,0.0,,83.3
榊原菜那,2020-10,JTマーヴェラス,9,2,3,1,0,33.3,33.3,0,0,0,1,12,0,0,2,0,0,0,,0.5,0.5,4.2,
榊原菜那,2020-11,JTマーヴェラス,9,9,23,7,2,30.4,21.7,0,0,0,1,39,0,1,15,0,0,0,,0.78,0.11,9.0,
榊原菜那,2020-12,JTマーヴェラス,9,6,12,9,0,75.0,75.0,0,0,0,1,27,0,2,9,0,0,0,,1.5,0.17,6.5,
榊原菜那,2021-01,JTマーヴェラス,9,0,0,0,0,,,0,0,0,0,0,0,0,0,0,0,0,,,,,
権田寛奈,2020-10,埼玉上尾メディックス,18,0,0,0,0,,,0,0,0,0,0,0,0,0,0,0,0,,,,,
権田寛奈,2020-11,埼玉上尾メディックス,18,0,0,0,0,,,0,0,0,0,0,0,0,0,0,0,0,,,,,
横田真未,2020-10,デンソーエアリービーズ,16,9,31,15,1,48.4,45.2,0,0,0,6,28,3,2,13,1,0,0,,1.67,0.67,20.5,0.0
横田真未,2020-11,デンソーエアリービーズ,16,25,115,53,2,46.1,44.3,0,0,0,7,86,6,7,33,4,3,0,,2.12,0.28,14.5,75.0
横田真未,2020-12,デンソーエアリービーズ,16,7,30,11,1,36.7,33.3,0,0,0,3,22,1,4,3,1,1,0,,1.57,0.43,3.4,100.0
横田真未,2021-01,デンソーエアリービーズ,16,5,20,10,1,50.0,45.0,0,0,0,3,19,0,4,4,0,0,0,,2.0,0.6,0.0,
横田真未,2021-02,デンソーエアリービーズ,16,19,65,28,3,43.1,38.5,0,0,0,7,56,0,7,16,5,3,1,,1.47,0.37,4.0,70.0
橋本梨紗,2020-11,JTマーヴェラス,18,1,0,0,0,,,0,0,0,0,1,0,0,1,0,0,0,,0.0,0.0,25.0,
橋本梨紗,2020-12,JTマーヴェラス,18,0,0,0,0,,,0,0,0,0,0,0,0,0,0,0,0,,,,,
橘井友香,2020-10,JTマーヴェラス,4,14,62,26,5,41.9,33.9,0,0,0,1,23,4,1,11,1,1,0,,1.86,0.07,28.3,100.0
橘井友香,2020-11,JTマーヴェラス,4,25,80,21,5,26.2,20.0,0,0,0,3,34,4,7,13,1,0,0,,0.84,0.12,16.2,0.0
橘井友香,2020-12,JTマーヴェラス,4,6,29,13,0,44.8,44.8,0,0,0,0,8,1,0,3,0,0,0,,2.17,0.0,21.9,
橘井友香,2021-01,JTマーヴェラス,4,12,19,8,1,42.1,36.8,1,0,0,0,12,0,0,6,8,4,2,0.0,0.67,0.0,12.5,62.5
橘井友香,2021-02,JTマーヴェラス,4,12,28,6,0,21.4,21.4,0,0,0,1,11,0,2,4,0,0,0,,0.5,0.08,4.5,
櫻井美樹,2020-10,ヴィクトリーナ姫路,2,14,1,1,0,100.0,100.0,0,0,0,0,36,1,1,8,0,0,0,,0.07,0.0,7.6,
櫻井美樹,2020-11,ヴィクトリーナ姫路,2,31,9,3,0,33.3,33.3,0,0,0,1,84,0,0,22,0,0,0,,0.1,0.03,6.5,
櫻井美樹,2020-12,ヴィクトリーナ姫路,2,7,2,2,0,100.0,100.0,0,0,0,0,18,0,1,4,0,0,0,,0.29,0.0,4.2,
櫻井美樹,2021-01,ヴィクトリーナ姫路,2,22,6,2,0,33.3,33.3,0,0,0,0,64,1,7,19,0,0,0,,0.09,0.0,6.2,
櫻井美樹,2021-02,ヴィクトリーナ姫路,2,8,1,0,0,0.0,0.0,0,0,0,1,20,2,1,5,1,0,0,,0.0,0.12,15.0,0.0
水杉玲奈,2020-10,東レアローズ,11,6,0,0,0,,,0,0,0,0,0,0,0,0,27,17,3,,0.0,0.0,,68.5
水杉玲奈,2020-11,東レアローズ,11,22,0,0,0,,,0,0,0,0,0,0,0,0,78,47,20,,0.0,0.0,,73.1
水杉玲奈,2020-12,東レアローズ,11,3,0,0,0,,,0,0,0,0,0,0,0,0,10,3,2,,0.0,0.0,,40.0
水杉玲奈,2021-01,東レアローズ,11,11,0,0,0,,,0,0,0,0,0,0,0,0,38,18,9,,0.0,0.0,,59.2
水杉玲奈,2021-02,東レアローズ,11,6,0,0,0,,,0,0,0,0,0,0,0,0,31,9,9,,0.0,0.0,,43.5
池谷優佳,2020-10,久光スプリングス,15,0,0,0,0,,,0,0,0,0,0,0,0,0,0,0,0,,,,,
池谷優佳,2020-11,久光スプリングス,15,0,0,0,0,,,0,0,0,0,0,0,0,0,0,0,0,,,,,
池谷優佳,2021-01,久光スプリングス,15,4,0,0,0,,,0,0,0,0,0,0,0,0,12,5,3,,0.0,0.0,,54.2
津賀菜緒,2020-10,PFUブルーキャッツ,13,8,60,18,4,30.0,23.3,7,2,1,1,14,0,4,5,0,0,0,28.6,2.25,0.12,1.8,
津賀菜緒,2020-11,PFUブルーキャッツ,13,19,104,24,7,23.1,16.3,7,2,1,1,31,0,4,6,0,0,0,28.6,1.26,0.05,1.6,
津賀菜緒,2020-12,PFUブルーキャッツ,13,2,7,1,2,14.3,-14.3,1,0,1,1,2,0,0,0,0,0,0,0.0,0.5,0.5,0.0,
津賀菜緒,2021-01,PFUブルーキャッツ,13,8,24,9,1,37.5,33.3,2,0,0,1,4,0,3,1,0,0,0,0.0,1.12,0.12,-12.5,
津賀菜緒,2021-02,PFUブルーキャッツ,13,2,1,1,0,100.0,100.0,0,0,0,0,0,0,0,0,0,0,0,,0.5,0.0,,
浮島杏加子,2020-10,KUROBEアクアフェアリーズ,12,8,57,23,2,40.4,36.8,1,0,0,0,20,1,4,3,1,0,0,0.0,2.88,0.0,3.8,0.0
浮島杏加子,2020-11,KUROBEアクアフェアリーズ,12,9,33,16,1,48.5,45.5,0,0,0,0,0,0,0,0,0,0,0,,1.78,0.0,,
浮島杏加子,2020-12,KUROBEアクアフェアリーズ,12,4,11,1,1,9.1,0.0,0,0,0,0,0,0,0,0,0,0,0,,0.25,0.0,,
浮島杏加子,2021-01,KUROBEアクアフェアリーズ,12,11,53,22,4,41.5,34.0,5,1,1,2,4,0,1,0,0,0,0,20.0,2.0,0.18,-6.2,
浮島杏加子,2021-02,KUROBEアクアフェアリーズ,12,2,5,2,1,40.0,20.0,2,1,0,0,1,0,0,0,0,0,0,50.0,1.0,0.0,0.0,
深萱知代,2020-10,JTマーヴェラス,12,1,0,0,0,,,0,0,0,0,1,0,0,0,0,0,0,,0.0,0.0,0.0,
深萱知代,2020-11,JTマーヴェラス,12,0,0,0,0,,,0,0,0,0,0,0,0,0,0,0,0,,,,,
渡邊彩,2020-10,トヨタ車体クインシーズ,7,10,31,8,1,25.8,22.6,0,0,0,3,19,1,0,3,5,1,1,,0.8,0.3,9.2,30.0
渡邊彩,2020-11,トヨタ車体クインシーズ,7,28,164,73,5,44.5,41.5,1,0,0,9,89,4,5,29,3,2,1,0.0,2.61,0.32,11.2,83.3
渡邊彩,2020-12,トヨタ車体クインシーズ,7,6,19,5,0,26.3,26.3,0,0,0,3,13,0,0,2,0,0,0,,0.83,0.5,3.8,
渡邊彩,2021-01,トヨタ車体クインシーズ,7,14,42,14,1,33.3,31.0,0,0,0,2,33,3,0,13,0,0,0,,1.0,0.14,18.9,
渡邊彩,2021-02,トヨタ車体クインシーズ,7,9,29,11,3,37.9,27.6,0,0,0,2,27,0,2,9,3,1,2,,1.22,0.22,6.5,66.7
渡邊真恵,2020-10,岡山シーガルズ,6,14,116,43,2,37.1,35.3,7,4,0,2,46,0,2,5,13,8,1,57.1,3.07,0.14,1.6,65.4
渡邊真恵,2020-11,岡山シーガルズ,6,28,224,84,18,37.5,29.5,17,3,2,4,96,3,0,23,20,10,2,17.6,3.0,0.14,9.1,55.0
渡邊真恵,2020-12,岡山シーガルズ,6,6,67,25,5,37.3,29.9,4,1,0,3,19,2,0,4,8,5,1,25.0,4.17,0.5,15.8,68.8
渡邊真恵,2021-01,岡山シーガルズ,6,15,118,49,3,41.5,39.0,7,0,1,2,58,3,6,16,10,4,2,0.0,3.27,0.13,9.5,50.0
渡邊真恵,2021-02,岡山シーガルズ,6,12,75,27,4,36.0,30.7,0,0,0,0,44,4,3,11,5,1,1,,2.25,0.0,13.6,30.0
溝口由利香,2021-01,ヴィクトリーナ姫路,18,7,0,0,0,,,0,0,0,0,0,0,0,0,16,6,2,,0.0,0.0,,43.8
溝口由利香,2021-02,ヴィクトリーナ姫路,18,4,0,0,0,,,0,0,0,0,0,0,0,0,8,2,2,,0.0,0.0,,37.5
澤田由佳,2020-10,NECレッドロケッツ,10,9,0,0,0,,,0,0,0,1,36,1,1,9,1,0,0,,0.0,0.11,8.3,0.0
澤田由佳,2020-11,NECレッドロケッツ,10,20,2,0,0,0.0,0.0,0,0,0,0,56,1,2,16,1,0,0,,0.0,0.0,8.0,0.0
澤田由佳,2020-12,NECレッドロケッツ,10,7,0,0,0,,,0,0,0,0,25,1,1,10,1,0,0,,0.0,0.0,13.0,0.0
澤田由佳,2021-01,NECレッドロケッツ,10,17,2,2,0,100.0,100.0,0,0,0,1,54,1,2,15,0,0,0,,0.12,0.06,7.9,
澤田由佳,2021-02,NECレッドロケッツ,10,10,1,0,0,0.0,0.0,0,0,0,1,30,0,1,6,1,0,0,,0.0,0.1,4.2,0.0
濱松明日香,2020-10,久光スプリングス,17,13,54,21,2,38.9,35.2,0,0,0,6,32,1,5,14,2,1,0,,1.62,0.46,10.2,50.0
濱松明日香,2020-11,久光スプリングス,17,5,18,8,3,44.4,27.8,0,0,0,0,13,0,0,3,0,0,0,,1.6,0.0,5.8,
濱松明日香,2020-12,久光スプリングス,17,0,0,0,0,,,0,0,0,0,0,0,0,0,0,0,0,,,,,
濱松明日香,2021-02,久光スプリングス,17,0,0,0,0,,,0,0,0,0,0,0,0,0,0,0,0,,,,,
瀬戸杏華,2020-10,PFUブルーキャッツ,2,6,11,4,0,36.4,36.4,0,0,0,3,18,0,5,7,0,0,0,,0.67,0.5,2.8,
瀬戸杏華,2020-11,PFUブルーキャッツ,2,5,14,2,2,14.3,0.0,0,0,0,1,9,1,1,2,3,1,0,,0.4,0.2,13.9,33.3
瀬戸杏華,2020-12,PFUブルーキャッツ,2,1,1,0,0,0.0,0.0,0,0,0,0,0,0,0,0,0,0,0,,0.0,0.0,,
瀬戸杏華,2021-01,PFUブルーキャッツ,2,0,0,0,0,,,0,0,0,0,0,0,0,0,0,0,0,,,,,
瀬戸杏華,2021-02,PFUブルーキャッツ,2,0,0,0,0,,,0,0,0,0,0,0,0,0,0,0,0,,,,,
熊井風音,2020-10,トヨタ車体クインシーズ,10,1,6,1,1,16.7,0.0,0,0,0,0,6,1,1,0,0,0,0,,1.0,0.0,12.5,
熊井風音,2020-11,トヨタ車体クインシーズ,10,7,52,20,1,38.5,36.5,3,0,0,1,27,0,3,8,41,18,9,0.0,2.86,0.14,4.6,54.9
熊井風音,2020-12,トヨタ車体クインシーズ,10,1,0,0,0,,,0,0,0,0,0,0,0,0,0,0,0,,0.0,0.0,,
熊井風音,2021-01,トヨタ車体クインシーズ,10,2,17,3,1,17.6,11.8,1,0,0,0,4,0,0,0,11,4,2,0.0,1.5,0.0,0.0,45.5
熊井風音,2021-02,トヨタ車体クインシーズ,10,3,6,1,0,16.7,16.7,0,0,0,0,4,0,1,0,4,1,2,,0.33,0.0,-6.2,50.0
田中咲希,2020-10,ヴィクトリーナ姫路,13,14,108,47,6,43.5,38.0,3,0,0,2,35,1,2,13,45,21,3,0.0,3.36,0.14,10.7,50.0
田中咲希,2020-11,ヴィクトリーナ姫路,13,31,253,103,12,40.7,36.0,5,1,1,3,67,2,5,14,134,58,25,20.0,3.32,0.1,6.3,52.6
田中咲希,2020-12,ヴィクトリーナ姫路,13,7,49,24,2,49.0,44.9,0,0,0,2,19,0,0,7,24,11,4,,3.43,0.29,9.2,54.2
田中咲希,2021-01,ヴィクトリーナ姫路,13,21,143,54,6,37.8,33.6,3,2,0,2,42,3,3,15,77,34,18,66.7,2.57,0.1,14.3,55.8
田中咲希,2021-02,ヴィクトリーナ姫路,13,8,76,34,3,44.7,40.8,0,0,0,0,26,0,1,8,33,9,7,,4.25,0.0,6.7,37.9
田中瑞稀,2020-10,JTマーヴェラス,6,11,129,37,8,28.7,22.5,10,1,3,1,41,1,9,10,88,35,19,10.0,3.36,0.09,3.0,50.6
田中瑞稀,2020-11,JTマーヴェラス,6,26,268,100,14,37.3,32.1,24,8,4,4,107,6,10,36,165,60,52,33.3,3.85,0.15,11.7,52.1
田中瑞稀,2020-12,JTマーヴェラス,6,6,67,25,2,37.3,34.3,7,5,0,1,25,1,2,6,48,31,4,71.4,4.17,0.17,8.0,68.8
田中瑞稀,2021-01,JTマーヴェラス,6,8,51,19,0,37.3,37.3,3,2,0,2,15,0,6,1,66,32,16,66.7,2.38,0.25,-8.3,60.6
田中瑞稀,2021-02,JTマーヴェラス,6,14,125,42,6,33.6,28.8,16,6,3,4,53,1,10,11,106,51,17,37.5,3.0,0.29,2.4,56.1
田代佳奈美,2020-10,デンソーエアリービーズ,6,9,6,3,0,50.0,50.0,0,0,0,1,35,3,2,14,0,0,0,,0.33,0.11,17.1,
田代佳奈美,2020-11,デンソーエアリービーズ,6,32,25,10,0,40.0,40.0,3,0,0,2,101,4,3,29,2,0,0,0.0,0.31,0.06,10.4,0.0
田代佳奈美,2020-12,デンソーエアリービーズ,6,8,7,7,0,100.0,100.0,0,0,0,0,25,0,2,6,0,0,0,,0.88,0.0,4.0,
田代佳奈美,2021-01,デンソーエアリービーズ,6,7,4,2,0,50.0,50.0,0,0,0,3,22,0,0,6,0,0,0,,0.29,0.43,6.8,
田代佳奈美,2021-02,デンソーエアリービーズ,6,16,6,3,1,50.0,33.3,1,0,1,4,43,0,1,14,0,0,0,0.0,0.19,0.25,7.6,
田原愛里,2020-10,デンソーエアリービーズ,8,1,0,0,0,,,0,0,0,0,0,0,0,0,0,0,0,,0.0,0.0,,
田原愛里,2020-11,デンソーエアリービーズ,8,0,0,0,0,,,0,0,0,0,0,0,0,0,0,0,0,,,,,
田原愛里,2020-12,デンソーエアリービーズ,8,0,0,0,0,,,0,0,0,0,0,0,0,0,0,0,0,,,,,
田原愛里,2021-01,デンソーエアリービーズ,8,3,0,0,0,,,0,0,0,0,5,0,2,0,0,0,0,,0.0,0.0,-10.0,
田原愛里,2021-02,デンソーエアリービーズ,8,0,0,0,0,,,0,0,0,0,0,0,0,0,0,0,0,,,,,
田口絢佳,2020-10,岡山シーガルズ,3,1,0,0,0,,,0,0,0,0,0,0,0,0,0,0,0,,0.0,0.0,,
田口絢佳,2020-11,岡山シーガルズ,3,1,0,0,0,,,0,0,0,0,1,0,0,0,0,0,0,,0.0,0.0,0.0,
田口絢佳,2020-12,岡山シーガルズ,3,1,2,0,0,0.0,0.0,0,0,0,0,0,0,0,0,0,0,0,,0.0,0.0,,
田川紘美,2020-10,埼玉上尾メディックス,20,11,1,1,0,100.0,100.0,0,0,0,0,12,0,1,4,0,0,0,,0.09,0.0,6.2,
田川紘美,2020-11,埼玉上尾メディックス,20,14,0,0,0,,,0,0,0,0,33,1,0,11,1,0,0,,0.0,0.0,11.4,0.0
田川紘美,2020-12,埼玉上尾メディックス,20,3,0,0,0,,,0,0,0,0,5,0,0,2,0,0,0,,0.0,0.0,10.0,
田川紘美,2021-01,埼玉上尾メディックス,20,6,0,0,0,,,0,0,0,0,8,1,0,1,0,0,0,,0.0,0.0,15.6,
田川紘美,2021-02,埼玉上尾メディックス,20,3,0,0,0,,,0,0,0,0,6,0,1,0,0,0,0,,0.0,0.0,-4.2,
白井美沙紀,2020-10,東レアローズ,4,10,0,0,0,,,0,0,0,0,23,1,2,5,0,0,0,,0.0,0.0,7.6,
白井美沙紀,2020-11,東レアローズ,4,19,0,0,0,,,0,0,0,0,24,0,2,6,0,0,0,,0.0,0.0,4.2,
白井美沙紀,2020-12,東レアローズ,4,7,0,0,0,,,0,0,0,0,13,0,1,3,0,0,0,,0.0,0.0,3.8,
白井美沙紀,2021-01,東レアローズ,4,15,1,1,0,100.0,100.0,0,0,0,0,22,0,4,6,0,0,0,,0.07,0.0,2.3,
白井美沙紀,2021-02,東レアローズ,4,8,0,0,0,,,0,0,0,0,20,1,2,4,0,0,0,,0.0,0.0,7.5,
白澤明香里,2020-11,久光スプリングス,13,7,0,0,0,,,0,0,0,0,9,1,1,5,0,0,0,,0.0,0.0,22.2,
白澤明香里,2021-02,久光スプリングス,13,5,0,0,0,,,0,0,0,0,11,0,1,5,0,0,0,,0.0,0.0,9.1,
目黒優佳,2020-10,JTマーヴェラス,11,12,0,0,0,,,0,0,0,0,23,1,1,6,18,13,2,,0.0,0.0,9.8,77.8
目黒優佳,2020-11,JTマーヴェラス,11,19,1,0,0,0.0,0.0,1,0,0,0,33,1,1,8,24,11,7,0.0,0.0,0.0,8.3,60.4
目黒優佳,2020-12,JTマーヴェラス,11,5,0,0,0,,,0,0,0,0,8,0,0,2,8,8,0,,0.0,0.0,6.2,100.0
目黒優佳,2021-01,JTマーヴェラス,11,9,1,0,0,0.0,0.0,1,0,0,0,10,0,1,2,11,6,4,0.0,0.0,0.0,2.5,72.7
目黒優佳,2021-02,JTマーヴェラス,11,12,0,0,0,,,0,0,0,0,17,0,0,6,17,10,4,,0.0,0.0,8.8,70.6
石井優希,2020-10,久光スプリングス,6,14,150,60,4,40.0,37.3,15,3,1,3,56,5,3,20,97,48,13,20.0,4.29,0.21,16.5,56.2
石井優希,2020-11,久光スプリングス,6,18,184,59,13,32.1,25.0,22,7,2,2,58,0,4,15,150,59,52,31.8,3.28,0.11,4.7,56.7
石井優希,2020-12,久光スプリングス,6,7,73,17,6,23.3,15.1,2,0,0,2,23,1,3,4,72,44,11,0.0,2.43,0.29,5.4,68.8
石井優希,2021-01,久光スプリングス,6,10,87,29,8,33.3,24.1,7,1,1,1,32,0,3,9,63,34,10,14.3,2.9,0.1,4.7,61.9
石井優希,2021-02,久光スプリングス,6,9,106,38,6,35.8,30.2,12,4,2,0,36,1,1,9,75,40,16,33.3,4.22,0.0,8.3,64.0
石川真佑,2020-10,東レアローズ,12,12,116,58,6,50.0,44.8,13,5,2,5,60,6,6,27,81,41,18,38.5,4.83,0.42,18.8,61.7
石川真佑,2020-11,東レアローズ,12,28,251,107,15,42.6,36.7,36,5,4,9,113,3,15,36,191,99,42,13.9,3.82,0.32,7.3,62.8
石川真佑,2020-12,東レアローズ,12,7,70,23,4,32.9,27.1,12,2,1,1,39,1,4,2,21,8,6,16.7,3.29,0.14,1.3,52.4
石川真佑,2021-01,東レアローズ,12,17,171,75,9,43.9,38.6,24,5,4,2,70,4,11,16,153,74,33,20.8,4.41,0.12,7.5,59.2
石川真佑,2021-02,東レアローズ,12,10,85,33,5,38.8,32.9,12,5,0,1,51,4,2,13,49,20,11,41.7,3.3,0.1,13.2,52.0
石川真奈,2020-10,PFUブルーキャッツ,15,3,13,3,0,23.1,23.1,2,0,0,1,3,0,1,0,3,1,1,0.0,1.0,0.33,-8.3,50.0
石川真奈,2020-11,PFUブルーキャッツ,15,9,41,13,5,31.7,19.5,1,0,0,1,11,1,2,3,32,7,10,0.0,1.44,0.11,11.4,37.5
石川真奈,2020-12,PFUブルーキャッツ,15,2,2,0,0,0.0,0.0,0,0,0,0,2,1,1,0,5,2,0,,0.0,0.0,37.5,40.0
神田さくら,2021-01,JTマーヴェラス,17,9,23,8,1,34.8,30.4,0,0,0,1,40,1,2,9,1,1,0,,0.89,0.11,6.9,100.0
神田さくら,2021-02,JTマーヴェラス,17,0,0,0,0,,,0,0,0,0,0,0,0,0,0,0,0,,,,,
福井愛加,2020-11,ヴィクトリーナ姫路,19,0,0,0,0,,,0,0,0,0,0,0,0,0,0,0,0,,,,,
福井愛加,2021-02,ヴィクトリーナ姫路,19,0,0,0,0,,,0,0,0,0,0,0,0,0,0,0,0,,,,,
福留慧美,2020-11,デンソーエアリービーズ,19,10,0,0,0,,,0,0,0,0,0,0,0,0,19,8,7,,0.0,0.0,,60.5
福留慧美,2020-12,デンソーエアリービーズ,19,0,0,0,0,,,0,0,0,0,0,0,0,0,0,0,0,,,,,
福留慧美,2021-01,デンソーエアリービーズ,19,6,0,0,0,,,0,0,0,0,0,0,0,0,0,0,0,,0.0,0.0,,
福留慧美,2021-02,デンソーエアリービーズ,19,5,0,0,0,,,0,0,0,0,0,0,0,0,2,2,0,,0.0,0.0,,100.0
稲葉早生,2020-10,トヨタ車体クインシーズ,2,0,0,0,0,,,0,0,0,0,0,0,0,0,0,0,0,,,,,
稲葉早生,2020-11,トヨタ車体クインシーズ,2,6,19,6,2,31.6,21.1,2,1,0,0,4,0,0,2,0,0,0,50.0,1.0,0.0,12.5,
稲葉早生,2020-12,トヨタ車体クインシーズ,2,0,0,0,0,,,0,0,0,0,0,0,0,0,0,0,0,,,,,
積山春花,2021-01,デンソーエアリービーズ,2,0,0,0,0,,,0,0,0,0,0,0,0,0,0,0,0,,,,,
窪田美侑,2020-10,日立リヴァーレ,4,16,72,27,6,37.5,29.2,4,2,0,5,64,3,4,26,142,62,35,50.0,1.69,0.31,13.3,56.0
窪田美侑,2020-11,日立リヴァーレ,4,22,77,29,11,37.7,23.4,1,0,0,2,56,6,3,23,99,49,24,0.0,1.32,0.09,19.6,61.6
窪田美侑,2020-12,日立リヴァーレ,4,5,0,0,0,,,0,0,0,0,5,0,0,1,17,4,6,,0.0,0.0,5.0,41.2
窪田美侑,2021-01,日立リヴァーレ,4,4,0,0,0,,,0,0,0,0,7,0,0,2,3,1,2,,0.0,0.0,7.1,66.7
窪田美侑,2021-02,日立リヴァーレ,4,13,3,1,1,33.3,0.0,1,0,0,0,15,1,2,7,21,10,6,0.0,0.08,0.0,15.0,61.9
立石優華,2020-10,KUROBEアクアフェアリーズ,18,18,0,0,0,,,0,0,0,0,0,0,0,0,74,37,16,,0.0,0.0,,60.8
立石優華,2020-11,KUROBEアクアフェアリーズ,18,24,0,0,0,,,0,0,0,0,0,0,0,0,80,36,18,,0.0,0.0,,56.2
立石優華,2020-12,KUROBEアクアフェアリーズ,18,8,0,0,0,,,0,0,0,0,0,0,0,0,32,11,12,,0.0,0.0,,53.1
立石優華,2021-01,KUROBEアクアフェアリーズ,18,10,0,0,0,,,0,0,0,0,5,0,0,1,27,8,10,,0.0,0.0,5.0,48.1
立石優華,2021-02,KUROBEアクアフェアリーズ,18,0,0,0,0,,,0,0,0,0,0,0,0,0,0,0,0,,,,,
籾井あき,2020-10,JTマーヴェラス,8,14,9,5,0,55.6,55.6,0,0,0,0,41,2,3,11,1,0,0,,0.36,0.0,9.8,0.0
籾井あき,2020-11,JTマーヴェラス,8,25,17,12,0,70.6,70.6,1,0,0,8,76,2,4,21,0,0,0,0.0,0.48,0.32,8.2,
籾井あき,2020-12,JTマーヴェラス,8,6,6,5,0,83.3,83.3,0,0,0,1,20,0,2,5,0,0,0,,0.83,0.17,3.8,
籾井あき,2021-01,JTマーヴェラス,8,13,17,10,1,58.8,52.9,0,0,0,0,36,1,3,13,0,0,0,,0.77,0.0,9.7,
籾井あき,2021-02,JTマーヴェラス,8,14,13,6,1,46.2,38.5,0,0,0,3,26,1,5,7,0,0,0,,0.43,0.21,5.8,
細沼綾,2020-10,KUROBEアクアフェアリーズ,14,18,76,26,9,34.2,22.4,2,1,0,5,43,1,3,15,9,2,4,50.0,1.44,0.28,9.3,44.4
細沼綾,2020-11,KUROBEアクアフェアリーズ,14,24,77,32,5,41.6,35.1,0,0,0,5,56,2,5,19,3,0,1,,1.33,0.21,9.8,16.7
細沼綾,2020-12,KUROBEアクアフェアリーズ,14,8,23,7,2,30.4,21.7,0,0,0,1,23,1,5,5,2,0,0,,0.88,0.12,4.3,0.0
細沼綾,2021-01,KUROBEアクアフェアリーズ,14,16,76,23,1,30.3,28.9,0,0,0,5,45,2,4,15,4,2,2,,1.44,0.31,10.6,75.0
細沼綾,2021-02,KUROBEアクアフェアリーズ,14,7,13,5,0,38.5,38.5,0,0,0,5,14,0,0,4,2,0,2,,0.71,0.71,7.1,50.0
綿引菜都美,2020-10,PFUブルーキャッツ,10,5,8,0,0,0.0,0.0,0,0,0,0,7,0,1,2,0,0,0,,0.0,0.0,3.6,
綿引菜都美,2020-11,PFUブルーキャッツ,10,31,55,15,4,27.3,20.0,0,0,0,17,102,3,4,21,5,3,2,,0.48,0.55,7.1,80.0
綿引菜都美,2020-12,PFUブルーキャッツ,10,5,7,2,0,28.6,28.6,0,0,0,3,18,0,3,1,0,0,0,,0.4,0.6,-2.8,
綿引菜都美,2021-01,PFUブルーキャッツ,10,10,25,10,1,40.0,36.0,0,0,0,7,32,1,0,7,4,0,3,,1.0,0.7,8.6,37.5
綿引菜都美,2021-02,PFUブルーキャッツ,10,4,9,1,0,11.1,11.1,0,0,0,2,22,2,0,3,0,0,0,,0.25,0.5,12.5,
脇田美怜,2020-10,ヴィクトリーナ姫路,10,2,7,1,0,14.3,14.3,0,0,0,0,2,0,2,0,3,1,1,,0.5,0.0,-25.0,50.0
脇田美怜,2020-11,ヴィクトリーナ姫路,10,0,0,0,0,,,0,0,0,0,0,0,0,0,0,0,0,,,,,
舛田紗淑,2020-10,KUROBEアクアフェアリーズ,9,15,201,59,10,29.4,24.4,21,11,1,2,60,4,6,15,132,63,36,52.4,3.93,0.13,10.4,61.4
舛田紗淑,2020-11,KUROBEアクアフェアリーズ,9,24,203,72,13,35.5,29.1,7,3,1,5,89,2,15,31,180,80,43,42.9,3.0,0.21,6.7,56.4
舛田紗淑,2020-12,KUROBEアクアフェアリーズ,9,8,67,22,4,32.8,26.9,4,1,0,2,33,1,3,12,78,21,31,25.0,2.75,0.25,9.8,46.8
舛田紗淑,2021-01,KUROBEアクアフェアリーズ,9,19,182,51,12,28.0,21.4,29,8,2,1,75,1,13,24,157,58,50,27.6,2.68,0.05,5.0,52.9
舛田紗淑,2021-02,KUROBEアクアフェアリーズ,9,7,57,17,1,29.8,28.1,7,1,0,3,22,2,3,4,54,19,12,14.3,2.43,0.43,10.2,46.3
船田芽依,2020-10,岡山シーガルズ,22,5,0,0,0,,,0,0,0,0,0,0,0,0,6,3,0,,0.0,0.0,,50.0
船田芽依,2020-11,岡山シーガルズ,22,22,0,0,0,,,0,0,0,0,26,1,0,8,22,5,8,,0.0,0.0,11.5,40.9
船田芽依,2020-12,岡山シーガルズ,22,7,0,0,0,,,0,0,0,0,6,0,0,1,15,9,2,,0.0,0.0,4.2,66.7
船田芽依,2021-01,岡山シーガルズ,22,11,0,0,0,,,0,0,0,0,3,0,1,1,27,15,3,,0.0,0.0,0.0,61.1
船田芽依,2021-02,岡山シーガルズ,22,6,0,0,0,,,0,0,0,0,4,0,0,1,13,4,3,,0.0,0.0,6.2,42.3
芥川愛加,2020-10,JTマーヴェラス,1,14,31,11,0,35.5,35.5,0,0,0,6,25,0,2,5,3,2,0,,0.79,0.43,3.0,66.7
芥川愛加,2020-11,JTマーヴェラス,1,26,67,32,3,47.8,43.3,0,0,0,18,39,1,3,11,2,0,0,,1.23,0.69,7.7,0.0
芥川愛加,2020-12,JTマーヴェラス,1,6,19,9,0,47.4,47.4,0,0,0,0,14,2,1,3,1,0,1,,1.5,0.0,17.9,50.0
芥川愛加,2021-01,JTマーヴェラス,1,13,34,13,1,38.2,35.3,0,0,0,7,31,3,3,9,1,0,0,,1.0,0.54,14.5,0.0
芥川愛加,2021-02,JTマーヴェラス,1,14,27,11,0,40.7,40.7,0,0,0,8,38,2,1,12,5,4,0,,0.79,0.57,12.5,80.0
花井萌里,2020-10,ヴィクトリーナ姫路,4,14,0,0,0,,,0,0,0,0,0,0,0,0,56,28,9,,0.0,0.0,,58.0
花井萌里,2020-11,ヴィクトリーナ姫路,4,31,0,0,0,,,0,0,0,0,0,0,0,0,105,57,22,,0.0,0.0,,64.8
花井萌里,2020-12,ヴィクトリーナ姫路,4,7,0,0,0,,,0,0,0,0,0,0,0,0,17,10,3,,0.0,0.0,,67.6
花井萌里,2021-01,ヴィクトリーナ姫路,4,22,0,0,0,,,0,0,0,0,0,0,0,0,80,43,14,,0.0,0.0,,62.5
花井萌里,2021-02,ヴィクトリーナ姫路,4,8,0,0,0,,,0,0,0,0,0,0,0,0,22,10,6,,0.0,0.0,,59.1
芳賀舞波,2020-10,日立リヴァーレ,6,0,0,0,0,,,0,0,0,0,0,0,0,0,0,0,0,,,,,
芳賀舞波,2020-11,日立リヴァーレ,6,3,2,1,0,50.0,50.0,0,0,0,2,4,0,0,0,0,0,0,,0.33,0.67,0.0,
芳賀舞波,2020-12,日立リヴァーレ,6,2,3,1,1,33.3,0.0,0,0,0,0,5,0,1,0,1,1,0,,0.5,0.0,-5.0,100.0
芳賀舞波,2021-01,日立リヴァーレ,6,4,10,4,1,40.0,30.0,0,0,0,2,12,1,0,5,0,0,0,,1.0,0.5,18.8,
芳賀舞波,2021-02,日立リヴァーレ,6,5,10,4,0,40.0,40.0,0,0,0,2,14,0,0,7,0,0,0,,0.8,0.4,12.5,
荒木彩花,2020-10,久光スプリングス,20,3,7,0,0,0.0,0.0,0,0,0,0,6,0,1,2,2,0,1,,0.0,0.0,4.2,25.0
荒木彩花,2021-01,久光スプリングス,20,20,54,25,0,46.3,46.3,0,0,0,13,57,1,5,15,3,0,2,,1.25,0.65,6.1,33.3
荒木彩花,2021-02,久光スプリングス,20,9,31,7,3,22.6,12.9,0,0,0,9,26,0,2,5,2,0,1,,0.78,1.0,2.9,25.0
荒木絵里香,2020-10,トヨタ車体クインシーズ,11,11,52,20,1,38.5,36.5,0,0,0,10,44,5,1,11,0,0,0,,1.82,0.91,17.0,
荒木絵里香,2020-11,トヨタ車体クインシーズ,11,29,124,50,9,40.3,33.1,0,0,0,25,111,7,7,31,2,1,1,,1.72,0.86,11.7,75.0
荒木絵里香,2020-12,トヨタ車体クインシーズ,11,6,20,11,0,55.0,55.0,0,0,0,3,23,1,2,9,1,0,0,,1.83,0.5,12.0,0.0
荒木絵里香,2021-01,トヨタ車体クインシーズ,11,17,52,20,3,38.5,32.7,0,0,0,15,67,3,2,27,2,1,1,,1.18,0.88,13.8,75.0
荒木絵里香,2021-02,トヨタ車体クインシーズ,11,9,33,11,3,33.3,24.2,0,0,0,5,23,1,2,10,0,0,0,,1.22,0.56,13.0,
荒谷栞,2020-10,ヴィクトリーナ姫路,11,13,53,21,1,39.6,37.7,0,0,0,5,43,1,4,11,0,0,0,,1.62,0.38,6.4,
荒谷栞,2020-11,ヴィクトリーナ姫路,11,28,122,36,8,29.5,23.0,1,0,0,10,70,5,9,24,2,1,0,0.0,1.29,0.36,12.5,50.0
荒谷栞,2020-12,ヴィクトリーナ姫路,11,7,22,5,3,22.7,9.1,0,0,0,6,23,0,0,9,0,0,0,,0.71,0.86,9.8,
荒谷栞,2021-01,ヴィクトリーナ姫路,11,22,84,32,4,38.1,33.3,2,0,0,11,88,4,6,28,4,1,1,0.0,1.45,0.5,10.8,37.5
荒谷栞,2021-02,ヴィクトリーナ姫路,11,7,36,15,0,41.7,41.7,0,0,0,1,21,0,1,7,1,1,0,,2.14,0.14,7.1,100.0
藪田美穂子,2020-10,トヨタ車体クインシーズ,17,11,96,31,7,32.3,25.0,8,2,3,4,41,0,2,14,79,30,19,25.0,2.82,0.36,7.3,50.0
藪田美穂子,2020-11,トヨタ車体クインシーズ,17,29,253,87,19,34.4,26.9,10,3,1,7,120,6,11,46,272,118,59,30.0,3.0,0.24,12.3,54.2
藪田美穂子,2020-12,トヨタ車体クインシーズ,17,6,59,21,5,35.6,27.1,2,0,0,1,35,3,2,6,46,15,19,0.0,3.5,0.17,11.4,53.3
藪田美穂子,2021-01,トヨタ車体クインシーズ,17,17,146,53,13,36.3,27.4,9,2,1,3,56,2,6,11,135,44,31,22.2,3.12,0.18,5.8,44.1
藪田美穂子,2021-02,トヨタ車体クインシーズ,17,9,90,25,10,27.8,16.7,8,2,2,3,29,0,4,12,62,21,18,25.0,2.78,0.33,6.9,48.4
西川有喜,2020-10,JTマーヴェラス,13,1,9,3,0,33.3,33.3,1,0,0,1,1,0,0,1,0,0,0,0.0,3.0,1.0,25.0,
西川有喜,2020-12,JTマーヴェラス,13,0,0,0,0,,,0,0,0,0,0,0,0,0,0,0,0,,,,,
西川有喜,2021-01,JTマーヴェラス,13,1,2,0,1,0.0,-50.0,2,0,1,0,1,0,0,0,0,0,0,0.0,0.0,0.0,0.0,
西川有喜,2021-02,JTマーヴェラス,13,0,0,0,0,,,0,0,0,0,0,0,0,0,0,0,0,,,,,
西村弥菜美,2020-10,岡山シーガルズ,10,7,9,2,0,22.2,22.2,2,0,0,0,11,0,0,4,12,4,4,0.0,0.29,0.0,9.1,50.0
西村弥菜美,2020-11,岡山シーガルズ,10,14,16,4,1,25.0,18.8,0,0,0,1,23,1,0,9,28,13,7,,0.29,0.07,14.1,58.9
西村弥菜美,2020-12,岡山シーガルズ,10,4,2,1,0,50.0,50.0,0,0,0,0,5,0,0,0,4,3,0,,0.25,0.0,0.0,75.0
西村弥菜美,2021-01,岡山シーガルズ,10,16,4,1,1,25.0,0.0,0,0,0,0,10,1,0,4,40,22,12,,0.06,0.0,20.0,70.0
西村弥菜美,2021-02,岡山シーガルズ,10,10,5,1,0,20.0,20.0,0,0,0,0,5,0,0,1,37,15,12,,0.1,0.0,5.0,56.8
貞包里穂,2020-10,ヴィクトリーナ姫路,1,10,98,29,4,29.6,25.5,6,3,0,5,34,0,0,7,39,12,6,50.0,2.9,0.5,5.1,38.5
貞包里穂,2020-11,ヴィクトリーナ姫路,1,25,258,72,10,27.9,24.0,22,8,0,1,94,6,4,22,91,25,25,36.4,2.88,0.04,11.2,41.2
貞包里穂,2020-12,ヴィクトリーナ姫路,1,7,86,33,4,38.4,33.7,14,5,3,0,29,2,2,13,17,2,4,35.7,4.71,0.0,16.4,23.5
貞包里穂,2021-01,ヴィクトリーナ姫路,1,19,195,63,3,32.3,30.8,17,4,1,2,61,3,3,16,69,22,14,23.5,3.32,0.11,10.2,42.0
貞包里穂,2021-02,ヴィクトリーナ姫路,1,7,66,26,2,39.4,36.4,9,4,0,0,26,1,0,11,13,3,3,44.4,3.71,0.0,14.4,34.6
辻彩乃,2020-10,トヨタ車体クインシーズ,9,1,0,0,0,,,0,0,0,0,2,0,0,0,0,0,0,,0.0,0.0,0.0,
辻彩乃,2020-11,トヨタ車体クインシーズ,9,1,0,0,0,,,0,0,0,0,1,0,1,0,0,0,0,,0.0,0.0,-25.0,
辻彩乃,2021-01,トヨタ車体クインシーズ,9,1,0,0,0,,,0,0,0,0,0,0,0,0,0,0,0,,0.0,0.0,,
辻彩乃,2021-02,トヨタ車体クインシーズ,9,3,3,0,0,0.0,0.0,0,0,0,0,2,1,1,1,0,0,0,,0.0,0.0,50.0,
道下ひなの,2020-10,KUROBEアクアフェアリーズ,21,0,0,0,0,,,0,0,0,0,0,0,0,0,0,0,0,,,,,
道下ひなの,2020-11,KUROBEアクアフェアリーズ,21,6,6,1,0,16.7,16.7,0,0,0,0,11,1,0,1,0,0,0,,0.17,0.0,11.4,
道下ひなの,2021-01,KUROBEアクアフェアリーズ,21,11,41,16,2,39.0,34.1,0,0,0,2,38,2,2,10,0,0,0,,1.45,0.18,10.5,
道下ひなの,2021-02,KUROBEアクアフェアリーズ,21,7,32,8,3,25.0,15.6,0,0,0,2,13,0,1,4,1,0,1,,1.14,0.29,5.8,50.0
遠藤彩萌,2020-11,岡山シーガルズ,13,2,3,2,1,66.7,33.3,0,0,0,0,1,0,0,0,0,0,0,,1.0,0.0,0.0,
遠藤彩萌,2021-01,岡山シーガルズ,13,3,7,2,1,28.6,14.3,0,0,0,0,0,0,0,0,0,0,0,,0.67,0.0,,
野中瑠衣,2020-10,日立リヴァーレ,19,12,0,0,0,,,0,0,0,0,19,1,0,8,2,1,0,,0.0,0.0,15.8,50.0
野中瑠衣,2020-11,日立リヴァーレ,19,24,102,36,8,35.3,27.5,11,1,1,5,58,0,3,20,113,48,33,9.1,1.5,0.21,7.3,57.1
野中瑠衣,2020-12,日立リヴァーレ,19,7,42,18,4,42.9,33.3,5,3,0,0,25,1,2,9,45,23,10,60.0,2.57,0.0,11.0,62.2
野中瑠衣,2021-01,日立リヴァーレ,19,15,68,15,4,22.1,16.2,0,0,0,2,71,5,3,30,116,56,26,,1.0,0.13,16.5,59.5
野中瑠衣,2021-02,日立リヴァーレ,19,14,58,20,4,34.5,27.6,0,0,0,3,34,2,7,13,96,44,23,,1.43,0.21,10.3,57.8
野呂加南子,2020-10,東レアローズ,13,3,1,0,0,0.0,0.0,0,0,0,0,2,0,0,1,0,0,0,,0.0,0.0,12.5,
野呂加南子,2020-11,東レアローズ,13,5,0,0,0,,,0,0,0,0,8,0,0,0,0,0,0,,0.0,0.0,0.0,
野呂加南子,2020-12,東レアローズ,13,6,19,8,1,42.1,36.8,0,0,0,0,1,0,0,1,9,4,2,,1.33,0.0,25.0,55.6
野呂加南子,2021-01,東レアローズ,13,11,6,1,1,16.7,0.0,0,0,0,0,15,1,0,6,6,2,2,,0.09,0.0,16.7,50.0
野呂加南子,2021-02,東レアローズ,13,8,24,7,1,29.2,25.0,0,0,0,2,5,0,1,3,10,3,2,,0.88,0.25,10.0,40.0
野嶋華澄,2020-10,NECレッドロケッツ,8,0,0,0,0,,,0,0,0,0,0,0,0,0,0,0,0,,,,,
野嶋華澄,2020-11,NECレッドロケッツ,8,12,0,0,0,,,0,0,0,0,14,0,1,4,0,0,0,,0.0,0.0,5.4,
野嶋華澄,2020-12,NECレッドロケッツ,8,1,0,0,0,,,0,0,0,0,1,0,0,0,0,0,0,,0.0,0.0,0.0,
野嶋華澄,2021-01,NECレッドロケッツ,8,7,0,0,0,,,0,0,0,0,10,0,0,2,0,0,0,,0.0,0.0,5.0,
野本梨佳,2020-10,久光スプリングス,8,7,82,25,0,30.5,30.5,3,1,0,3,30,0,1,9,43,18,10,33.3,3.57,0.43,6.7,53.5
野本梨佳,2020-11,久光スプリングス,8,12,114,37,11,32.5,22.8,9,1,1,0,40,0,1,8,46,17,9,11.1,3.08,0.0,4.4,46.7
野本梨佳,2020-12,久光スプリングス,8,7,68,18,4,26.5,20.6,2,0,1,4,25,0,1,5,35,19,5,0.0,2.57,0.57,4.0,61.4
野本梨佳,2021-01,久光スプリングス,8,22,210,81,7,38.6,35.2,9,2,1,7,86,3,6,30,127,40,35,22.2,3.68,0.32,10.5,45.3
野本梨佳,2021-02,久光スプリングス,8,9,110,32,6,29.1,23.6,5,1,0,4,31,2,1,11,29,9,10,20.0,3.56,0.44,14.5,48.3
金杉由香,2020-10,ヴィクトリーナ姫路,6,5,54,16,5,29.6,20.4,4,1,1,1,17,0,2,6,13,1,3,25.0,3.2,0.2,5.9,19.2
金杉由香,2020-11,ヴィクトリーナ姫路,6,19,194,69,8,35.6,31.4,19,7,1,1,58,2,6,18,53,19,15,36.8,3.63,0.05,8.6,50.0
金杉由香,2020-12,ヴィクトリーナ姫路,6,1,0,0,0,,,0,0,0,0,2,0,0,0,0,0,0,,0.0,0.0,0.0,
金杉由香,2021-01,ヴィクトリーナ姫路,6,10,75,22,8,29.3,18.7,7,1,0,2,18,0,3,7,15,8,1,14.3,2.2,0.2,5.6,56.7
金杉由香,2021-02,ヴィクトリーナ姫路,6,2,13,4,1,30.8,23.1,0,0,0,0,2,0,0,1,12,8,3,,2.0,0.0,12.5,79.2
金田修佳,2020-10,岡山シーガルズ,18,14,183,67,5,36.6,33.9,0,0,0,3,47,0,0,5,96,50,18,,4.79,0.21,2.7,61.5
金田修佳,2020-11,岡山シーガルズ,18,27,328,130,9,39.6,36.9,0,0,0,4,73,0,1,13,137,72,24,,4.81,0.15,4.1,61.3
金田修佳,2020-12,岡山シーガルズ,18,7,79,20,3,25.3,21.5,0,0,0,3,21,0,0,2,56,39,5,,2.86,0.43,2.4,74.1
金田修佳,2021-01,岡山シーガルズ,18,18,175,62,3,35.4,33.7,2,1,0,2,57,1,3,15,90,47,13,50.0,3.44,0.11,7.0,59.4
金田修佳,2021-02,岡山シーガルズ,18,12,118,41,3,34.7,32.2,1,0,0,4,35,0,0,7,65,27,17,0.0,3.42,0.33,5.0,54.6
鍋谷友理枝,2020-10,デンソーエアリービーズ,15,6,30,8,2,26.7,20.0,2,1,1,2,18,1,2,7,20,12,1,50.0,1.33,0.33,12.5,62.5
鍋谷友理枝,2020-11,デンソーエアリービーズ,15,22,187,74,3,39.6,38.0,11,5,0,4,79,2,5,19,146,80,37,45.5,3.36,0.18,7.0,67.5
鍋谷友理枝,2020-12,デンソーエアリービーズ,15,6,42,14,2,33.3,28.6,4,2,0,1,16,2,0,5,22,10,5,50.0,2.33,0.17,20.3,56.8
鍋谷友理枝,2021-01,デンソーエアリービーズ,15,6,35,9,2,25.7,20.0,4,0,0,2,22,1,0,5,27,13,7,0.0,1.5,0.33,10.2,61.1
鍋谷友理枝,2021-02,デンソーエアリービーズ,15,14,124,36,3,29.0,26.6,11,0,0,3,47,2,3,11,54,25,16,0.0,2.57,0.21,8.5,61.1
長内美和子,2020-10,日立リヴァーレ,13,15,129,50,12,38.8,29.5,5,0,1,0,41,2,12,10,72,34,18,0.0,3.33,0.0,3.7,59.7
長内美和子,2020-11,日立リヴァーレ,13,28,367,115,24,31.3,24.8,21,6,3,7,79,6,21,32,27,12,8,28.6,4.11,0.25,11.1,59.3
長内美和子,2020-12,日立リヴァーレ,13,7,84,28,3,33.3,29.8,7,2,0,2,24,3,1,8,0,0,0,28.6,4.0,0.29,19.8,
長内美和子,2021-01,日立リヴァーレ,13,5,60,19,2,31.7,28.3,1,0,0,0,11,0,1,3,14,2,7,0.0,3.8,0.0,4.5,39.3
長内美和子,2021-02,日立リヴァーレ,13,8,59,12,2,20.3,16.9,0,0,0,1,18,1,5,3,47,21,8,,1.5,0.12,2.8,53.2
長岡望悠,2020-10,久光スプリングス,1,5,30,13,3,43.3,33.3,2,1,1,0,10,0,1,3,0,0,0,50.0,2.6,0.0,5.0,
長岡望悠,2020-11,久光スプリングス,1,10,77,39,3,50.6,46.8,15,7,1,2,25,0,3,2,0,0,0,46.7,3.9,0.2,-1.0,
長岡望悠,2020-12,久光スプリングス,1,5,18,10,0,55.6,55.6,0,0,0,1,0,0,0,0,0,0,0,,2.0,0.2,,
長岡望悠,2021-01,久光スプリングス,1,7,25,10,5,40.0,20.0,6,2,3,0,10,0,2,1,1,1,0,33.3,1.43,0.0,-2.5,100.0
長瀬そら,2020-10,岡山シーガルズ,26,1,0,0,0,,,0,0,0,0,1,0,1,0,0,0,0,,0.0,0.0,-25.0,
長瀬そら,2020-11,岡山シーガルズ,26,4,11,3,0,27.3,27.3,0,0,0,0,6,0,0,0,0,0,0,,0.75,0.0,0.0,
長瀬そら,2020-12,岡山シーガルズ,26,3,13,4,1,30.8,23.1,0,0,0,1,8,0,0,3,0,0,0,,1.33,0.33,9.4,
長瀬そら,2021-01,岡山シーガルズ,26,9,32,13,4,40.6,28.1,0,0,0,6,20,1,2,2,1,1,0,,1.44,0.67,5.0,100.0
長瀬そら,2021-02,岡山シーガルズ,26,8,42,13,1,31.0,28.6,0,0,0,5,11,0,0,4,1,0,1,,1.62,0.62,9.1,50.0
長野有紗,2020-10,ヴィクトリーナ姫路,5,10,37,10,1,27.0,24.3,0,0,0,2,30,0,3,12,2,2,0,,1.0,0.2,7.5,100.0
長野有紗,2020-11,ヴィクトリーナ姫路,5,23,93,36,4,38.7,34.4,0,0,0,7,71,1,10,20,4,0,2,,1.57,0.3,4.9,25.0
長野有紗,2020-12,ヴィクトリーナ姫路,5,4,14,4,2,28.6,14.3,0,0,0,2,12,0,3,4,0,0,0,,1.0,0.5,2.1,
長野有紗,2021-01,ヴィクトリーナ姫路,5,4,8,3,0,37.5,37.5,0,0,0,1,10,0,0,3,0,0,0,,0.75,0.25,7.5,
長野有紗,2021-02,ヴィクトリーナ姫路,5,2,3,1,0,33.3,33.3,0,0,0,1,4,0,0,0,1,1,0,,0.5,0.5,0.0,100.0
間橋香織,2020-10,KUROBEアクアフェアリーズ,3,18,156,61,9,39.1,33.3,3,0,1,10,46,0,6,14,94,43,30,0.0,3.39,0.56,4.3,61.7
間橋香織,2020-11,KUROBEアクアフェアリーズ,3,24,186,66,12,35.5,29.0,5,1,1,4,79,1,5,18,211,67,69,20.0,2.75,0.17,5.4,48.1
間橋香織,2020-12,KUROBEアクアフェアリーズ,3,8,52,19,4,36.5,28.8,0,0,0,0,20,0,3,4,59,13,20,,2.38,0.0,1.2,39.0
間橋香織,2021-01,KUROBEアクアフェアリーズ,3,14,110,39,9,35.5,27.3,4,2,1,5,35,0,5,13,118,42,39,50.0,2.79,0.36,5.7,52.1
関菜々巳,2020-10,東レアローズ,10,12,3,3,0,100.0,100.0,0,0,0,0,40,4,2,17,0,0,0,,0.25,0.0,19.4,
関菜々巳,2020-11,東レアローズ,10,28,11,8,0,72.7,72.7,0,0,0,0,89,5,3,26,1,0,0,,0.29,0.0,12.1,0.0
関菜々巳,2020-12,東レアローズ,10,7,0,0,0,,,0,0,0,0,14,0,2,4,1,0,1,,0.0,0.0,3.6,50.0
関菜々巳,2021-01,東レアローズ,10,14,1,1,0,100.0,100.0,0,0,0,2,55,4,0,20,1,0,0,,0.07,0.14,16.4,0.0
関菜々巳,2021-02,東レアローズ,10,10,7,1,0,14.3,14.3,1,0,0,1,38,3,0,11,0,0,0,0.0,0.1,0.1,15.1,
雑賀恵斗,2020-10,日立リヴァーレ,21,14,12,5,0,41.7,41.7,0,0,0,0,37,0,5,16,1,0,0,,0.36,0.0,7.4,0.0
雑賀恵斗,2020-11,日立リヴァーレ,21,18,12,3,0,25.0,25.0,0,0,0,3,40,0,8,15,1,0,0,,0.17,0.17,4.4,0.0
雑賀恵斗,2020-12,日立リヴァーレ,21,2,0,0,0,,,0,0,0,2,1,0,0,0,0,0,0,,0.0,1.0,0.0,
雑賀恵斗,2021-01,日立リヴァーレ,21,5,5,4,0,80.0,80.0,0,0,0,0,11,1,1,1,0,0,0,,0.8,0.0,9.1,
雑賀恵斗,2021-02,日立リヴァーレ,21,8,7,2,1,28.6,14.3,0,0,0,1,17,0,2,2,0,0,0,,0.25,0.12,0.0,
青柳京古,2020-10,埼玉上尾メディックス,11,16,80,26,2,32.5,30.0,0,0,0,2,52,2,2,11,2,0,1,,1.62,0.12,8.2,25.0
青柳京古,2020-11,埼玉上尾メディックス,11,21,100,40,3,40.0,37.0,1,0,0,8,84,4,6,20,7,2,0,0.0,1.9,0.38,8.9,28.6
青柳京古,2020-12,埼玉上尾メディックス,11,8,36,9,1,25.0,22.2,0,0,0,3,25,1,0,5,1,0,0,,1.12,0.38,9.0,0.0
青柳京古,2021-01,埼玉上尾メディックス,11,13,60,33,1,55.0,53.3,0,0,0,5,49,3,1,17,9,8,1,,2.54,0.38,14.3,94.4
青柳京古,2021-02,埼玉上尾メディックス,11,11,62,30,0,48.4,48.4,0,0,0,3,37,0,3,9,3,0,0,,2.73,0.27,4.1,0.0
馬場ゆりか,2020-10,KUROBEアクアフェアリーズ,4,7,0,0,0,,,0,0,0,0,0,0,0,0,25,12,6,,0.0,0.0,,60.0
馬場ゆりか,2020-11,KUROBEアクアフェアリーズ,4,7,0,0,0,,,0,0,0,0,0,0,0,0,3,1,0,,0.0,0.0,,33.3
馬場ゆりか,2020-12,KUROBEアクアフェアリーズ,4,4,0,0,0,,,0,0,0,0,0,0,0,0,3,2,1,,0.0,0.0,,83.3
馬場ゆりか,2021-01,KUROBEアクアフェアリーズ,4,16,0,0,0,,,0,0,0,0,0,0,0,0,47,27,14,,0.0,0.0,,72.3
馬場ゆりか,2021-02,KUROBEアクアフェアリーズ,4,7,0,0,0,,,0,0,0,0,0,0,0,0,26,12,6,,0.0,0.0,,57.7
高柳有里,2020-10,岡山シーガルズ,9,1,0,0,0,,,0,0,0,0,1,0,0,0,1,1,0,,0.0,0.0,0.0,100.0
高柳有里,2020-11,岡山シーガルズ,9,4,28,8,0,28.6,28.6,0,0,0,1,5,0,0,3,15,3,4,,2.0,0.25,15.0,33.3
高相みな実,2020-10,PFUブルーキャッツ,8,7,69,24,1,34.8,33.3,4,1,1,2,15,0,4,1,43,17,4,25.0,3.43,0.29,-5.0,44.2
高相みな実,2020-11,PFUブルーキャッツ,8,29,245,78,14,31.8,26.1,28,4,5,1,104,5,7,27,261,128,60,14.3,2.69,0.03,9.6,60.5
高相みな実,2020-12,PFUブルーキャッツ,8,6,43,13,3,30.2,23.3,4,1,0,0,22,1,2,3,55,24,12,25.0,2.17,0.0,5.7,54.5
高相みな実,2021-01,PFUブルーキャッツ,8,6,60,20,3,33.3,28.3,11,1,0,0,19,2,3,4,27,15,6,9.1,3.33,0.0,11.8,66.7
高相みな実,2021-02,PFUブルーキャッツ,8,2,7,0,0,0.0,0.0,0,0,0,0,5,1,0,3,5,2,0,,0.0,0.0,35.0,40.0
高野由里加,2020-10,岡山シーガルズ,21,5,11,2,0,18.2,18.2,0,0,0,0,12,0,0,3,0,0,0,,0.4,0.0,6.2,
高野由里加,2020-11,岡山シーガルズ,21,1,5,1,1,20.0,0.0,0,0,0,1,0,0,0,0,0,0,0,,1.0,1.0,,
高野由里加,2020-12,岡山シーガルズ,21,0,0,0,0,,,0,0,0,0,0,0,0,0,0,0,0,,,,,
高野由里加,2021-01,岡山シーガルズ,21,5,11,2,1,18.2,9.1,0,0,0,1,11,0,0,3,0,0,0,,0.4,0.2,6.8,
鴫原ひなた,2020-10,トヨタ車体クインシーズ,1,6,51,12,4,23.5,15.7,2,0,0,1,15,1,1,6,16,8,3,0.0,2.0,0.17,15.0,59.4
鴫原ひなた,2020-11,トヨタ車体クインシーズ,1,23,188,59,16,31.4,22.9,3,0,1,3,65,2,7,25,140,65,34,0.0,2.57,0.13,10.0,58.6
鴫原ひなた,2020-12,トヨタ車体クインシーズ,1,6,48,18,1,37.5,35.4,2,0,0,1,17,2,1,6,35,13,12,0.0,3.0,0.17,19.1,54.3
鴫原ひなた,2021-01,トヨタ車体クインシーズ,1,15,89,29,9,32.6,22.5,3,1,1,2,40,2,4,18,69,29,17,33.3,1.93,0.13,13.8,54.3
鴫原ひなた,2021-02,トヨタ車体クインシーズ,1,9,59,19,4,32.2,25.4,4,2,1,1,26,2,2,10,80,44,12,50.0,2.11,0.11,15.4,62.5
黒後愛,2020-10,東レアローズ,9,12,115,47,4,40.9,37.4,13,3,4,5,25,0,8,8,60,24,20,23.1,3.92,0.42,0.0,56.7
黒後愛,2020-11,東レアローズ,9,28,223,94,9,42.2,38.1,19,4,0,6,90,7,5,26,168,77,39,21.1,3.36,0.21,13.6,57.4
黒後愛,2020-12,東レアローズ,9,7,46,22,0,47.8,47.8,5,2,0,2,19,0,4,7,52,20,18,40.0,3.14,0.29,3.9,55.8
黒後愛,2021-01,東レアローズ,9,17,153,66,5,43.1,39.9,19,7,2,5,70,5,10,16,100,56,17,36.8,3.88,0.29,9.3,64.5
黒後愛,2021-02,東レアローズ,9,7,63,23,4,36.5,30.2,10,0,2,3,24,1,3,5,63,21,25,0.0,3.29,0.43,6.2,53.2
齋藤加奈子,2020-10,日立リヴァーレ,7,3,0,0,0,,,0,0,0,0,0,0,0,0,7,2,2,,0.0,0.0,,42.9
齋藤加奈子,2020-11,日立リヴァーレ,7,21,0,0,0,,,0,0,0,0,7,0,0,1,56,33,12,,0.0,0.0,3.6,69.6
齋藤加奈子,2020-12,日立リヴァーレ,7,7,0,0,0,,,0,0,0,0,0,0,0,0,30,20,7,,0.0,0.0,,78.3
齋藤加奈子,2021-01,日立リヴァーレ,7,13,0,0,0,,,0,0,0,0,0,0,0,0,55,19,15,,0.0,0.0,,48.2
齋藤加奈子,2021-02,日立リヴァーレ,7,15,0,0,0,,,0,0,0,0,0,0,0,0,57,29,13,,0.0,0.0,,62.3
