名前,チーム,背番号,出場数,アタック打数,アタック得点,アタック失点,アタック決定率,アタック効果率,バックアタック打数,バックアタック得点,バックアタック失点,ブロック得点,サーブ打数,サーブ得点,サーブ失点,サーブ効果,受数,サーブレシーブ成功・優,サーブレシーブ成功・良,バックアタック決定率,アタックセット平均,ブロックセット平均,サーブ効果率,サーブレシーブ成功率
アキンラデウォフォルケ,久光スプリングス,16,72,386,192,12,49.7,46.6,1,0,0,58,215,15,19,61,13,4,3,0.0,2.67,0.81,11.9,42.3
アコスタロスランディ,PFUブルーキャッツ,18,53,743,272,36,36.6,31.8,116,44,8,15,170,6,17,28,317,146,81,37.9,5.13,0.28,5.1,58.8
オクム大庭冬美ハウィ,日立リヴァーレ,17,39,527,200,38,38.0,30.7,73,23,6,11,119,4,8,26,0,0,0,31.5,5.13,0.28,7.1,
オズソイネリマン,NECレッドロケッツ,23,60,773,288,43,37.3,31.7,167,71,18,28,220,12,9,46,0,0,0,42.5,4.8,0.47,9.7,
クランヤナ,東レアローズ,7,74,890,379,36,42.6,38.5,134,66,4,36,288,21,30,89,3,1,2,49.3,5.12,0.49,12.4,66.7
グーパートポーンプン,トヨタ車体クインシーズ,12,36,17,11,0,64.7,64.7,1,1,0,3,98,1,5,17,2,0,0,100.0,0.31,0.08,4.1,0.0
サンティアゴアライジャダフニ,埼玉上尾メディックス,3,70,335,140,13,41.8,37.9,0,0,0,32,196,9,26,55,14,4,4,,2.0,0.46,8.3,42.9
ジャラットハタイラット,PFUブルーキャッツ,4,6,4,1,0,25.0,25.0,0,0,0,2,14,0,1,4,0,0,0,,0.17,0.33,5.4,
ジョセフシャイナ,埼玉上尾メディックス,15,65,666,228,27,34.2,30.2,203,61,16,16,193,5,18,52,1,0,0,30.0,3.51,0.25,7.0,0.0
ソロカイテインドレ,トヨタ車体クインシーズ,13,71,871,291,75,33.4,24.8,221,64,24,24,228,10,47,44,1,0,0,29.0,4.1,0.34,4.1,0.0
タップハンナ,日立リヴァーレ,5,79,426,196,21,46.0,41.1,0,0,0,57,201,8,18,57,7,3,2,,2.48,0.72,8.8,57.1
ドルーズアンドレア,JTマーヴェラス,10,72,795,397,36,49.9,45.4,230,114,18,19,199,14,36,77,1,0,1,49.6,5.51,0.26,12.2,50.0
ヌクジャンタットダオ,JTマーヴェラス,7,18,65,30,4,46.2,40.0,0,0,0,16,69,1,4,21,0,0,0,,1.67,0.89,7.6,
ヒックマンジャスティス,JTマーヴェラス,14,20,79,31,4,39.2,34.2,8,5,0,3,54,3,2,12,83,41,23,62.5,1.55,0.15,10.2,63.3
プラマーキャサリン,デンソーエアリービーズ,22,62,678,302,43,44.5,38.2,123,60,18,29,165,11,22,53,102,35,22,48.8,4.87,0.47,11.4,45.1
マルティニュークアリョーナ,ヴィクトリーナ姫路,20,26,192,63,10,32.8,27.6,32,11,1,6,37,0,4,8,0,0,0,34.4,2.42,0.23,2.7,
リーシモーン,KUROBEアクアフェアリーズ,10,72,928,315,70,33.9,26.4,215,76,22,30,185,10,18,60,9,1,3,35.3,4.38,0.42,11.1,27.8
上坂瑠子,日立リヴァーレ,1,73,838,249,54,29.7,23.3,46,5,3,16,284,12,9,88,526,242,125,10.9,3.41,0.22,11.2,57.9
上野香織,NECレッドロケッツ,6,41,145,67,3,46.2,44.1,0,0,0,5,112,5,15,22,15,9,3,,1.63,0.12,6.0,70.0
中元南,デンソーエアリービーズ,1,59,486,136,25,28.0,22.8,45,4,4,2,185,2,10,55,428,217,96,8.9,2.31,0.03,7.2,61.9
中屋夏澄,トヨタ車体クインシーズ,16,0,0,0,0,,,0,0,0,0,0,0,0,0,0,0,0,,,,,
中島未来,東レアローズ,6,29,0,0,0,,,0,0,0,0,0,0,0,0,90,43,26,,0.0,0.0,,62.2
中川美柚,久光スプリングス,14,35,189,62,11,32.8,27.0,5,0,0,10,125,3,4,25,140,52,38,0.0,1.77,0.29,6.6,50.7
中本柚朱,岡山シーガルズ,33,18,98,30,7,30.6,23.5,1,1,0,3,38,0,0,13,86,28,22,100.0,1.67,0.17,8.6,45.3
中本葉月,埼玉上尾メディックス,13,0,0,0,0,,,0,0,0,0,0,0,0,0,0,0,0,,,,,
中村安里,日立リヴァーレ,11,3,0,0,0,,,0,0,0,0,0,0,0,0,0,0,0,,0.0,0.0,,
中田紫乃,東レアローズ,5,49,73,21,1,28.8,27.4,0,0,0,4,34,1,1,11,64,16,19,,0.43,0.08,10.3,39.8
丸山亜季,岡山シーガルズ,20,55,1,0,0,0.0,0.0,0,0,0,0,0,0,0,0,7,3,2,,0.0,0.0,,57.1
丸山紗季,KUROBEアクアフェアリーズ,1,47,7,1,0,14.3,14.3,0,0,0,0,64,0,8,17,45,11,20,,0.02,0.0,3.5,46.7
井上奈々朱,東レアローズ,1,45,101,47,8,46.5,38.6,0,0,0,31,128,6,14,43,4,2,1,,1.04,0.69,10.4,62.5
井上愛里沙,久光スプリングス,5,67,671,231,25,34.4,30.7,50,11,3,29,219,7,18,55,178,69,41,22.0,3.45,0.43,7.4,50.3
井上琴絵,デンソーエアリービーズ,11,76,0,0,0,,,0,0,0,0,0,0,0,0,270,157,54,,0.0,0.0,,68.1
井上美咲,久光スプリングス,2,63,35,18,0,51.4,51.4,1,1,0,14,223,9,14,60,3,1,0,100.0,0.29,0.22,9.2,33.3
仁井田桃子,埼玉上尾メディックス,19,0,0,0,0,,,0,0,0,0,0,0,0,0,0,0,0,,,,,
今村優香,久光スプリングス,12,16,178,52,16,29.2,20.2,5,1,0,6,60,3,6,18,98,41,24,20.0,3.25,0.38,10.0,54.1
付欣田,岡山シーガルズ,24,2,7,2,1,28.6,14.3,0,0,0,2,4,0,1,0,0,0,0,,1.0,1.0,-6.2,
伊藤望,東レアローズ,3,5,0,0,0,,,0,0,0,0,7,1,1,2,0,0,0,,0.0,0.0,17.9,
佐々木千紘,ヴィクトリーナ姫路,14,64,214,98,13,45.8,39.7,1,0,0,17,210,12,22,59,9,4,1,0.0,1.53,0.27,10.1,50.0
佐々木海空,埼玉上尾メディックス,16,0,0,0,0,,,0,0,0,0,0,0,0,0,0,0,0,,,,,
佐藤優花,埼玉上尾メディックス,10,13,62,21,2,33.9,30.6,5,1,0,0,16,0,2,2,24,9,7,20.0,1.62,0.0,0.0,52.1
佐藤澪,NECレッドロケッツ,18,0,0,0,0,,,0,0,0,0,0,0,0,0,0,0,0,,,,,
佐藤美弥,日立リヴァーレ,8,4,0,0,0,,,0,0,0,1,4,0,0,2,0,0,0,,0.0,0.25,12.5,
入澤まい,日立リヴァーレ,14,70,229,85,20,37.1,28.4,0,0,0,41,212,14,32,75,16,3,5,,1.21,0.59,11.7,34.4
兵頭由希,デンソーエアリービーズ,24,32,94,31,6,33.0,26.6,14,3,2,0,57,2,4,10,17,7,4,21.4,0.97,0.0,6.1,52.9
内瀬戸真実,埼玉上尾メディックス,9,72,739,277,29,37.5,33.6,32,10,2,25,250,7,21,57,463,229,111,31.2,3.85,0.35,6.4,61.4
前田明里,岡山シーガルズ,23,2,5,2,0,40.0,40.0,0,0,0,0,1,0,0,1,10,2,1,,1.0,0.0,25.0,25.0
加藤光,久光スプリングス,7,48,0,0,0,,,0,0,0,0,73,2,2,19,0,0,0,,0.0,0.0,8.6,
原幸歩,トヨタ車体クインシーズ,4,9,98,36,4,36.7,32.7,4,2,0,9,31,1,2,8,77,16,22,50.0,4.0,1.0,8.1,35.1
及川真夢,岡山シーガルズ,8,55,277,113,11,40.8,36.8,0,0,0,28,173,4,7,38,19,15,3,,2.05,0.51,6.8,86.8
古川あおいアン,岡山シーガルズ,15,34,248,85,15,34.3,28.2,10,2,1,4,42,1,0,6,58,20,8,20.0,2.5,0.12,6.0,41.4
古谷ちなみ,NECレッドロケッツ,11,10,79,22,6,27.8,20.3,12,5,2,1,29,2,4,6,31,7,15,41.7,2.2,0.1,8.6,46.8
古賀紗理那,NECレッドロケッツ,2,73,742,315,32,42.5,38.1,104,32,10,31,319,16,21,122,444,230,102,30.8,4.32,0.42,12.9,63.3
合屋咲希,PFUブルーキャッツ,7,37,98,27,6,27.6,21.4,0,0,0,0,14,0,5,1,69,20,17,,0.73,0.0,-7.1,41.3
吉岡可奈,ヴィクトリーナ姫路,9,2,4,0,0,0.0,0.0,0,0,0,0,2,0,1,0,0,0,0,,0.0,0.0,-12.5,
吉岡美晴,岡山シーガルズ,4,69,769,235,32,30.6,26.4,0,0,0,7,196,4,10,31,488,229,95,,3.41,0.1,4.7,56.7
吉田あゆみ,NECレッドロケッツ,15,5,21,11,1,52.4,47.6,0,0,0,0,11,0,0,1,39,9,8,,2.2,0.0,2.3,33.3
吉野優理,埼玉上尾メディックス,8,72,704,245,44,34.8,28.6,30,12,5,9,297,13,29,101,532,237,117,40.0,3.4,0.12,10.4,55.5
和才奈々美,PFUブルーキャッツ,33,44,14,2,1,14.3,7.1,1,0,0,0,7,0,2,1,172,68,49,0.0,0.05,0.0,-3.6,53.8
和田由紀子,JTマーヴェラス,16,2,5,1,0,20.0,20.0,2,1,0,0,1,0,0,0,0,0,0,50.0,0.5,0.0,0.0,
坂本侑,東レアローズ,15,3,0,0,0,,,0,0,0,0,4,0,1,1,0,0,0,,0.0,0.0,0.0,
堀井有蘭,日立リヴァーレ,3,20,34,11,0,32.4,32.4,0,0,0,6,38,0,3,2,17,9,3,,0.55,0.3,-0.7,61.8
堀口あやか,PFUブルーキャッツ,11,50,384,112,11,29.2,26.3,26,3,1,4,146,8,29,44,113,45,30,11.5,2.24,0.08,8.0,53.1
堀江美志,埼玉上尾メディックス,4,33,128,37,5,28.9,25.0,20,2,1,0,57,5,4,19,22,6,7,10.0,1.12,0.0,15.4,43.2
堀込奈央,ヴィクトリーナ姫路,7,62,0,0,0,,,0,0,0,0,80,1,2,16,1,0,0,,0.0,0.0,5.6,0.0
塚田しおり,NECレッドロケッツ,3,40,4,2,0,50.0,50.0,0,0,0,2,84,1,4,20,4,0,0,,0.05,0.05,6.0,0.0
境紗里奈,日立リヴァーレ,18,33,0,0,0,,,0,0,0,0,41,2,1,7,0,0,0,,0.0,0.0,8.5,
大元朱菜,ヴィクトリーナ姫路,3,0,0,0,0,,,0,0,0,0,0,0,0,0,0,0,0,,,,,
大室璃紗,埼玉上尾メディックス,23,31,0,0,0,,,0,0,0,0,28,0,3,4,36,16,10,,0.0,0.0,0.9,58.3
大崎琴未,東レアローズ,14,21,2,0,0,0.0,0.0,0,0,0,0,29,1,1,8,0,0,0,,0.0,0.0,9.5,
大竹里歩,デンソーエアリービーズ,5,10,20,10,0,50.0,50.0,0,0,0,1,22,0,2,4,1,0,0,,1.0,0.1,2.3,0.0
大野果歩,東レアローズ,2,62,174,81,10,46.6,40.8,0,0,0,29,216,4,13,37,8,4,0,,1.31,0.47,4.6,50.0
奥村麻依,デンソーエアリービーズ,13,73,268,96,5,35.8,34.0,0,0,0,42,243,5,7,52,11,7,2,,1.32,0.58,6.7,72.7
孫田菜奈,ヴィクトリーナ姫路,12,53,160,55,8,34.4,29.4,0,0,0,4,62,5,5,12,34,9,9,,1.04,0.08,10.9,39.7
宇賀神みずき,岡山シーガルズ,5,55,8,3,0,37.5,37.5,1,1,0,2,116,3,3,20,4,0,0,100.0,0.05,0.04,6.2,0.0
安井由香子,トヨタ車体クインシーズ,19,45,0,0,0,,,0,0,0,0,0,0,0,0,160,89,31,,0.0,0.0,,65.3
安田美南,NECレッドロケッツ,14,0,0,0,0,,,0,0,0,0,0,0,0,0,0,0,0,,,,,
宮下遥,岡山シーガルズ,14,66,17,7,1,41.2,35.3,0,0,0,13,202,4,6,43,5,0,0,,0.11,0.2,6.6,0.0
宮地佳乃,ヴィクトリーナ姫路,8,11,46,6,4,13.0,4.3,3,0,1,1,6,0,3,1,0,0,0,0.0,0.55,0.09,-8.3,
小口樹葉,デンソーエアリービーズ,9,3,0,0,0,,,0,0,0,0,0,0,0,0,6,4,1,,0.0,0.0,,75.0
小島満菜美,NECレッドロケッツ,16,73,0,0,0,,,0,0,0,0,0,0,0,0,330,139,93,,0.0,0.0,,56.2
小島絢野,久光スプリングス,24,9,2,1,0,50.0,50.0,0,0,0,0,17,1,1,3,0,0,0,,0.11,0.0,8.8,
小川愛里奈,東レアローズ,8,44,173,80,5,46.2,43.4,0,0,0,16,123,6,7,38,3,2,1,,1.82,0.36,11.2,83.3
小川杏奈,JTマーヴェラス,3,29,72,36,5,50.0,43.1,1,1,0,11,107,5,5,35,3,0,1,100.0,1.24,0.38,11.7,16.7
小幡真子,JTマーヴェラス,15,73,0,0,0,,,0,0,0,0,0,0,0,0,241,148,33,,0.0,0.0,,68.3
小杉凜華,KUROBEアクアフェアリーズ,19,27,44,7,2,15.9,11.4,0,0,0,5,63,2,5,16,3,1,0,,0.26,0.19,7.5,33.3
小池杏菜,日立リヴァーレ,10,72,0,0,0,,,0,0,0,0,0,0,0,0,113,54,25,,0.0,0.0,,58.8
小西愛衣,KUROBEアクアフェアリーズ,15,72,28,11,1,39.3,35.7,0,0,0,3,239,8,18,43,2,0,1,,0.15,0.04,6.0,25.0
小野寺友香,日立リヴァーレ,2,48,7,3,0,42.9,42.9,0,0,0,6,147,6,4,45,0,0,0,,0.06,0.12,11.1,
小野寺夏希,岡山シーガルズ,31,4,0,0,0,,,0,0,0,0,9,0,0,1,0,0,0,,0.0,0.0,2.8,
居村杏奈,岡山シーガルズ,12,45,159,70,6,44.0,40.3,1,0,0,11,125,1,2,29,10,4,1,0.0,1.56,0.24,6.2,45.0
山上有紀,トヨタ車体クインシーズ,18,41,11,3,1,27.3,18.2,0,0,0,4,107,5,12,29,2,0,0,,0.07,0.1,8.6,0.0
山下遥香,PFUブルーキャッツ,9,59,14,6,0,42.9,42.9,1,0,0,7,145,6,26,34,1,0,0,0.0,0.1,0.12,5.5,0.0
山内美咲,NECレッドロケッツ,12,52,226,78,11,34.5,29.6,16,1,1,14,125,11,3,37,179,81,44,6.2,1.5,0.27,15.6,57.5
山口珠李,埼玉上尾メディックス,6,21,65,27,5,41.5,33.8,3,0,1,2,42,2,4,11,1,0,1,0.0,1.29,0.1,8.9,50.0
山城愛心,KUROBEアクアフェアリーズ,6,6,28,7,0,25.0,25.0,1,0,0,4,18,0,1,4,45,8,19,0.0,1.17,0.67,4.2,38.9
山岸あかね,埼玉上尾メディックス,7,71,0,0,0,,,0,0,0,0,0,0,0,0,308,147,73,,0.0,0.0,,59.6
山崎のの花,埼玉上尾メディックス,5,72,32,13,0,40.6,40.6,0,0,0,29,256,7,14,75,3,0,0,,0.18,0.4,8.7,0.0
山形理沙子,トヨタ車体クインシーズ,20,22,10,4,0,40.0,40.0,0,0,0,2,47,2,2,16,0,0,0,,0.18,0.09,11.7,
山田二千華,NECレッドロケッツ,13,59,194,75,8,38.7,34.5,0,0,0,37,217,7,13,49,21,10,4,,1.27,0.63,7.4,57.1
岩坂名奈,久光スプリングス,4,36,77,33,0,42.9,42.9,0,0,0,16,126,6,4,31,4,1,1,,0.92,0.44,10.1,37.5
岩澤実育,埼玉上尾メディックス,12,13,0,0,0,,,0,0,0,0,20,2,2,7,22,12,7,,0.0,0.0,16.2,70.5
島村春世,NECレッドロケッツ,1,60,302,156,7,51.7,49.3,0,0,0,18,160,6,4,32,27,13,6,,2.6,0.3,8.1,59.3
島田美紅,KUROBEアクアフェアリーズ,7,2,2,1,0,50.0,50.0,0,0,0,0,5,1,0,2,0,0,0,,0.5,0.0,30.0,
島畑奈緒子,PFUブルーキャッツ,14,46,5,2,0,40.0,40.0,0,0,0,1,64,2,12,20,0,0,0,,0.04,0.02,6.2,
川上雛菜,NECレッドロケッツ,17,9,0,0,0,,,0,0,0,0,15,0,0,3,0,0,0,,0.0,0.0,5.0,
川島亜依美,岡山シーガルズ,28,57,177,75,6,42.4,39.0,1,0,0,19,181,3,9,57,8,5,0,0.0,1.32,0.33,8.3,62.5
工藤嶺,デンソーエアリービーズ,21,68,545,194,37,35.6,28.8,144,48,12,15,211,7,9,64,180,78,43,33.3,2.85,0.22,9.8,55.3
平山詩嫣,久光スプリングス,19,7,0,0,0,,,0,0,0,0,10,1,0,4,0,0,0,,0.0,0.0,20.0,
座安琴希,久光スプリングス,10,60,0,0,0,,,0,0,0,0,1,0,0,0,62,36,17,,0.0,0.0,0.0,71.8
廣瀬七海,NECレッドロケッツ,9,13,52,17,3,32.7,26.9,3,1,0,3,17,1,2,6,2,1,1,33.3,1.31,0.23,11.8,75.0
志摩美古都,PFUブルーキャッツ,35,13,75,29,2,38.7,36.0,1,0,0,2,34,0,4,4,35,17,10,0.0,2.23,0.15,0.0,62.9
戸江真奈,久光スプリングス,18,79,0,0,0,,,0,0,0,0,0,0,0,0,331,195,61,,0.0,0.0,,68.1
戸部真由香,KUROBEアクアフェアリーズ,20,1,0,0,0,,,0,0,0,0,1,0,0,0,0,0,0,,0.0,0.0,0.0,
星加輝,KUROBEアクアフェアリーズ,16,30,2,1,0,50.0,50.0,0,0,0,0,41,0,3,11,0,0,0,,0.03,0.0,4.9,
曽我啓菜,NECレッドロケッツ,5,52,350,141,22,40.3,34.0,17,4,0,11,149,3,11,39,279,97,68,23.5,2.71,0.21,6.7,47.0
有田妃奈乃,PFUブルーキャッツ,1,5,5,2,1,40.0,20.0,0,0,0,0,5,1,1,2,0,0,0,,0.4,0.0,25.0,
杉原若葉,KUROBEアクアフェアリーズ,11,56,148,49,11,33.1,25.7,0,0,0,27,163,5,14,46,0,0,0,,0.88,0.48,8.0,
杉郁香,トヨタ車体クインシーズ,15,0,0,0,0,,,0,0,0,0,0,0,0,0,0,0,0,,,,,
村上華澄,PFUブルーキャッツ,6,57,207,76,12,36.7,30.9,0,0,0,14,171,7,5,45,10,1,4,,1.33,0.25,9.9,30.0
村永奈央,トヨタ車体クインシーズ,6,33,100,16,0,16.0,16.0,0,0,0,4,35,2,2,11,152,56,34,,0.48,0.12,12.1,48.0
東谷玲衣奈,デンソーエアリービーズ,20,46,233,92,12,39.5,34.3,14,1,2,8,59,0,7,16,163,72,34,7.1,2.0,0.17,3.8,54.6
松井珠己,デンソーエアリービーズ,14,38,12,5,0,41.7,41.7,0,0,0,2,54,2,1,11,0,0,0,,0.13,0.05,8.3,
松本亜弥華,トヨタ車体クインシーズ,14,19,40,15,3,37.5,30.0,0,0,0,5,24,1,0,3,2,0,0,,0.79,0.26,7.3,0.0
松本愛希穂,ヴィクトリーナ姫路,15,74,681,229,44,33.6,27.2,29,7,8,13,257,16,21,77,691,345,151,24.1,3.09,0.18,11.7,60.9
林琴奈,JTマーヴェラス,2,73,672,256,36,38.1,32.7,77,30,8,37,270,6,14,72,505,259,116,39.0,3.51,0.51,7.6,62.8
柳田光綺,NECレッドロケッツ,4,18,54,14,4,25.9,18.5,2,0,1,1,34,0,4,6,0,0,0,0.0,0.78,0.06,1.5,
柴田真果,JTマーヴェラス,5,72,7,4,0,57.1,57.1,1,0,0,0,122,6,1,42,0,0,0,0.0,0.06,0.0,13.3,
栄絵里香,久光スプリングス,11,27,2,0,0,0.0,0.0,0,0,0,2,60,3,1,11,1,0,0,,0.0,0.07,9.2,0.0
梅津憂理,KUROBEアクアフェアリーズ,13,17,91,21,6,23.1,16.5,4,2,0,2,39,0,1,11,94,19,29,50.0,1.24,0.12,6.4,35.6
森田茉莉,PFUブルーキャッツ,3,36,0,0,0,,,0,0,0,0,0,0,0,0,113,46,30,,0.0,0.0,,54.0
森谷史佳,デンソーエアリービーズ,10,33,47,14,0,29.8,29.8,0,0,0,0,89,5,5,26,1,0,0,,0.42,0.0,11.5,0.0
椎名真子,埼玉上尾メディックス,14,12,55,16,1,29.1,27.3,2,0,0,1,22,0,7,4,23,9,4,0.0,1.33,0.08,-3.4,47.8
楢崎慈恵,岡山シーガルズ,27,53,0,0,0,,,0,0,0,0,2,0,1,0,179,91,38,,0.0,0.0,-12.5,61.5
榊原美沙都,トヨタ車体クインシーズ,8,37,0,0,0,,,0,0,0,0,0,0,0,0,157,76,40,,0.0,0.0,,61.1
榊原菜那,JTマーヴェラス,9,17,38,17,2,44.7,39.5,0,0,0,3,78,0,3,26,0,0,0,,1.0,0.18,7.4,
権田寛奈,埼玉上尾メディックス,18,0,0,0,0,,,0,0,0,0,0,0,0,0,0,0,0,,,,,
横田真未,デンソーエアリービーズ,16,65,261,117,8,44.8,41.8,0,0,0,26,211,10,24,69,11,7,1,,1.8,0.4,10.1,68.2
橋本梨紗,JTマーヴェラス,18,1,0,0,0,,,0,0,0,0,1,0,0,1,0,0,0,,0.0,0.0,25.0,
橘井友香,JTマーヴェラス,4,69,218,74,11,33.9,28.9,1,0,0,5,88,9,10,37,10,5,2,0.0,1.07,0.07,17.9,60.0
櫻井美樹,ヴィクトリーナ姫路,2,82,19,8,0,42.1,42.1,0,0,0,2,222,4,10,58,1,0,0,,0.1,0.02,7.2,0.0
水杉玲奈,東レアローズ,11,48,0,0,0,,,0,0,0,0,0,0,0,0,184,94,43,,0.0,0.0,,62.8
池谷優佳,久光スプリングス,15,4,0,0,0,,,0,0,0,0,0,0,0,0,12,5,3,,0.0,0.0,,54.2
津賀菜緒,PFUブルーキャッツ,13,39,196,53,14,27.0,19.9,17,4,3,4,51,0,11,12,0,0,0,23.5,1.36,0.1,0.5,
浮島杏加子,KUROBEアクアフェアリーズ,12,34,159,64,9,40.3,34.6,8,2,1,2,25,1,5,3,1,0,0,25.0,1.88,0.06,2.0,0.0
深萱知代,JTマーヴェラス,12,1,0,0,0,,,0,0,0,0,1,0,0,0,0,0,0,,0.0,0.0,0.0,
渡邊彩,トヨタ車体クインシーズ,7,67,285,111,10,38.9,35.4,1,0,0,19,181,8,7,56,11,4,4,0.0,1.66,0.28,11.2,54.5
渡邊真恵,岡山シーガルズ,6,75,600,228,32,38.0,32.7,35,8,3,11,263,12,11,59,56,28,7,22.9,3.04,0.15,9.1,56.2
溝口由利香,ヴィクトリーナ姫路,18,11,0,0,0,,,0,0,0,0,0,0,0,0,24,8,4,,0.0,0.0,,41.7
澤田由佳,NECレッドロケッツ,10,63,5,2,0,40.0,40.0,0,0,0,3,201,4,7,56,4,0,0,,0.03,0.05,8.1,0.0
濱松明日香,久光スプリングス,17,18,72,29,5,40.3,33.3,0,0,0,6,45,1,5,17,2,1,0,,1.61,0.33,8.9,50.0
瀬戸杏華,PFUブルーキャッツ,2,12,26,6,2,23.1,15.4,0,0,0,4,27,1,6,9,3,1,0,,0.5,0.33,6.5,33.3
熊井風音,トヨタ車体クインシーズ,10,14,81,25,3,30.9,27.2,4,0,0,1,41,1,5,8,56,23,13,0.0,1.79,0.07,4.3,52.7
田中咲希,ヴィクトリーナ姫路,13,81,629,262,29,41.7,37.0,11,3,1,9,189,6,11,57,313,133,57,27.3,3.23,0.11,9.3,51.6
田中瑞稀,JTマーヴェラス,6,65,640,223,30,34.8,30.2,60,22,10,12,241,9,37,64,473,209,108,36.7,3.43,0.18,6.5,55.6
田代佳奈美,デンソーエアリービーズ,6,72,48,25,1,52.1,50.0,4,0,1,10,226,7,8,69,2,0,0,0.0,0.35,0.14,9.8,0.0
田原愛里,デンソーエアリービーズ,8,4,0,0,0,,,0,0,0,0,5,0,2,0,0,0,0,,0.0,0.0,-10.0,
田口絢佳,岡山シーガルズ,3,3,2,0,0,0.0,0.0,0,0,0,0,1,0,0,0,0,0,0,,0.0,0.0,0.0,
田川紘美,埼玉上尾メディックス,20,37,1,1,0,100.0,100.0,0,0,0,0,64,2,2,18,1,0,0,,0.03,0.0,9.4,0.0
白井美沙紀,東レアローズ,4,59,1,1,0,100.0,100.0,0,0,0,0,102,2,11,24,0,0,0,,0.02,0.0,5.1,
白澤明香里,久光スプリングス,13,12,0,0,0,,,0,0,0,0,20,1,2,10,0,0,0,,0.0,0.0,15.0,
目黒優佳,JTマーヴェラス,11,57,2,0,0,0.0,0.0,2,0,0,0,91,2,3,24,78,48,17,0.0,0.0,0.0,8.0,72.4
石井優希,久光スプリングス,6,58,600,203,37,33.8,27.7,58,15,6,8,205,7,14,57,457,225,102,25.9,3.5,0.14,8.7,60.4
石川真佑,東レアローズ,12,74,693,296,39,42.7,37.1,97,22,11,18,333,18,38,94,495,242,110,22.7,4.0,0.24,9.6,60.0
石川真奈,PFUブルーキャッツ,15,14,56,16,5,28.6,19.6,3,0,0,2,16,2,4,3,40,10,11,0.0,1.14,0.14,10.9,38.8
神田さくら,JTマーヴェラス,17,9,23,8,1,34.8,30.4,0,0,0,1,40,1,2,9,1,1,0,,0.89,0.11,6.9,100.0
福井愛加,ヴィクトリーナ姫路,19,0,0,0,0,,,0,0,0,0,0,0,0,0,0,0,0,,,,,
福留慧美,デンソーエアリービーズ,19,21,0,0,0,,,0,0,0,0,0,0,0,0,21,10,7,,0.0,0.0,,64.3
稲葉早生,トヨタ車体クインシーズ,2,6,19,6,2,31.6,21.1,2,1,0,0,4,0,0,2,0,0,0,50.0,1.0,0.0,12.5,
積山春花,デンソーエアリービーズ,2,0,0,0,0,,,0,0,0,0,0,0,0,0,0,0,0,,,,,
窪田美侑,日立リヴァーレ,4,60,152,57,18,37.5,25.7,6,2,0,7,147,10,9,59,282,126,73,33.3,0.95,0.12,15.3,57.6
立石優華,KUROBEアクアフェアリーズ,18,60,0,0,0,,,0,0,0,0,5,0,0,1,213,92,56,,0.0,0.0,5.0,56.3
籾井あき,JTマーヴェラス,8,72,62,38,2,61.3,58.1,1,0,0,12,199,6,17,57,1,0,0,0.0,0.53,0.17,8.0,0.0
細沼綾,KUROBEアクアフェアリーズ,14,73,265,93,17,35.1,28.7,2,1,0,21,181,6,17,58,20,4,9,50.0,1.27,0.29,9.0,42.5
綿引菜都美,PFUブルーキャッツ,10,55,104,28,5,26.9,22.1,0,0,0,29,181,6,8,34,9,3,5,,0.51,0.53,6.9,61.1
脇田美怜,ヴィクトリーナ姫路,10,2,7,1,0,14.3,14.3,0,0,0,0,2,0,2,0,3,1,1,,0.5,0.0,-25.0,50.0
舛田紗淑,KUROBEアクアフェアリーズ,9,73,710,221,40,31.1,25.5,68,24,4,13,279,10,40,86,601,241,172,35.3,3.03,0.18,7.7,54.4
船田芽依,岡山シーガルズ,22,51,0,0,0,,,0,0,0,0,39,1,1,11,83,36,16,,0.0,0.0,9.0,53.0
芥川愛加,JTマーヴェラス,1,73,178,76,4,42.7,40.4,0,0,0,39,147,8,10,40,12,6,1,,1.04,0.53,10.5,54.2
花井萌里,ヴィクトリーナ姫路,4,82,0,0,0,,,0,0,0,0,0,0,0,0,280,148,54,,0.0,0.0,,62.5
芳賀舞波,日立リヴァーレ,6,14,25,10,2,40.0,32.0,0,0,0,6,35,1,1,12,1,1,0,,0.71,0.43,10.7,100.0
荒木彩花,久光スプリングス,20,32,92,32,3,34.8,31.5,0,0,0,22,89,1,8,22,7,0,4,,1.0,0.69,5.1,28.6
荒木絵里香,トヨタ車体クインシーズ,11,72,281,112,16,39.9,34.2,0,0,0,58,268,17,14,88,5,2,2,,1.56,0.81,13.2,60.0
荒谷栞,ヴィクトリーナ姫路,11,77,317,109,16,34.4,29.3,3,0,0,33,245,10,20,79,7,3,1,0.0,1.42,0.43,10.1,50.0
藪田美穂子,トヨタ車体クインシーズ,17,72,644,217,54,33.7,25.3,37,9,7,18,281,11,25,89,594,228,146,24.3,3.01,0.25,9.6,50.7
西川有喜,JTマーヴェラス,13,2,11,3,1,27.3,18.2,3,0,1,1,2,0,0,1,0,0,0,0.0,1.5,0.5,12.5,
西村弥菜美,岡山シーガルズ,10,51,36,9,2,25.0,19.4,2,0,0,1,54,2,0,18,121,57,35,0.0,0.18,0.02,12.0,61.6
貞包里穂,ヴィクトリーナ姫路,1,68,703,223,23,31.7,28.4,68,24,4,8,244,12,9,69,229,64,52,35.3,3.28,0.12,11.1,39.3
辻彩乃,トヨタ車体クインシーズ,9,6,3,0,0,0.0,0.0,0,0,0,0,5,1,2,1,0,0,0,,0.0,0.0,15.0,
道下ひなの,KUROBEアクアフェアリーズ,21,24,79,25,5,31.6,25.3,0,0,0,4,62,3,3,15,1,0,1,,1.04,0.17,9.7,50.0
遠藤彩萌,岡山シーガルズ,13,5,10,4,2,40.0,20.0,0,0,0,0,1,0,0,0,0,0,0,,0.8,0.0,0.0,
野中瑠衣,日立リヴァーレ,19,72,270,89,20,33.0,25.6,16,4,1,10,207,9,15,80,372,172,92,25.0,1.24,0.14,12.2,58.6
野呂加南子,東レアローズ,13,33,50,16,3,32.0,26.0,0,0,0,2,31,1,1,11,25,9,6,,0.48,0.06,11.3,48.0
野嶋華澄,NECレッドロケッツ,8,20,0,0,0,,,0,0,0,0,25,0,1,6,0,0,0,,0.0,0.0,5.0,
野本梨佳,久光スプリングス,8,57,584,193,28,33.0,28.3,28,5,3,18,212,5,10,63,280,103,69,17.9,3.39,0.32,8.6,49.1
金杉由香,ヴィクトリーナ姫路,6,37,336,111,22,33.0,26.5,30,9,2,4,97,2,11,32,93,36,22,30.0,3.0,0.11,7.5,50.5
金田修佳,岡山シーガルズ,18,78,883,320,23,36.2,33.6,3,1,0,16,233,1,4,42,444,235,77,33.3,4.1,0.21,4.5,61.6
鍋谷友理枝,デンソーエアリービーズ,15,54,418,141,12,33.7,30.9,32,8,1,12,182,8,10,47,269,140,66,25.0,2.61,0.22,9.5,64.3
長内美和子,日立リヴァーレ,13,63,699,224,43,32.0,25.9,34,8,4,10,173,12,40,56,160,69,41,23.5,3.56,0.16,9.2,55.9
長岡望悠,久光スプリングス,1,27,150,72,11,48.0,40.7,23,10,5,3,45,0,6,6,1,1,0,43.5,2.67,0.11,0.0,100.0
長瀬そら,岡山シーガルズ,26,25,98,33,6,33.7,27.6,0,0,0,12,46,1,3,9,2,1,1,,1.32,0.48,5.4,75.0
長野有紗,ヴィクトリーナ姫路,5,43,155,54,7,34.8,30.3,0,0,0,13,127,1,16,39,7,3,2,,1.26,0.3,5.3,57.1
間橋香織,KUROBEアクアフェアリーズ,3,64,504,185,34,36.7,30.0,12,3,3,19,180,1,19,49,482,165,158,25.0,2.89,0.3,4.7,50.6
関菜々巳,東レアローズ,10,71,22,13,0,59.1,59.1,1,0,0,3,236,16,7,78,3,0,1,0.0,0.18,0.04,14.3,16.7
雑賀恵斗,日立リヴァーレ,21,47,36,14,1,38.9,36.1,0,0,0,6,106,1,16,34,2,0,0,,0.3,0.13,5.2,0.0
青柳京古,埼玉上尾メディックス,11,69,338,138,7,40.8,38.8,1,0,0,21,247,10,12,62,22,10,2,0.0,2.0,0.3,9.1,50.0
馬場ゆりか,KUROBEアクアフェアリーズ,4,41,0,0,0,,,0,0,0,0,0,0,0,0,104,54,27,,0.0,0.0,,64.9
高柳有里,岡山シーガルズ,9,5,28,8,0,28.6,28.6,0,0,0,1,6,0,0,3,16,4,4,,1.6,0.2,12.5,37.5
高相みな実,PFUブルーキャッツ,8,50,424,135,21,31.8,26.9,47,7,6,3,165,9,16,38,391,186,82,14.9,2.7,0.06,8.8,58.1
高野由里加,岡山シーガルズ,21,11,27,5,2,18.5,11.1,0,0,0,2,23,0,0,6,0,0,0,,0.45,0.18,6.5,
鴫原ひなた,トヨタ車体クインシーズ,1,59,435,137,34,31.5,23.7,14,3,3,8,163,9,15,65,340,159,78,21.4,2.32,0.14,13.2,58.2
黒後愛,東レアローズ,9,71,600,252,22,42.0,38.3,66,16,8,21,228,13,30,62,443,198,119,24.2,3.55,0.3,9.2,58.1
齋藤加奈子,日立リヴァーレ,7,59,0,0,0,,,0,0,0,0,7,0,0,1,205,103,49,,0.0,0.0,3.6,62.2
